date,week,rank,player_name,association,points
2024/1/2,1,1,SUN Yingsha,CHN,8550
2024/1/2,1,2,WANG Yidi,CHN,4505
2024/1/2,1,3,WANG Manyu,CHN,4137
2024/1/2,1,4,CHEN Meng,CHN,3995
2024/1/2,1,5,Hina HAYATA,JPN,2950
2024/1/2,1,6,CHEN Xingtong,CHN,2805
2024/1/2,1,7,QIAN Tianyi,CHN,2385
2024/1/2,1,8,Ying HAN,GER,2030
2024/1/2,1,9,SHIN Yubin,KOR,1880
2024/1/2,1,10,Mima ITO,JPN,1755
2024/1/2,1,11,Adriana DIAZ,PUR,1600
2024/1/2,1,12,Bernadette SZOCS,ROU,1565
2024/1/2,1,13,ZHANG Rui,CHN,1440
2024/1/2,1,14,Xiaoxin YANG,MON,1380
2024/1/2,1,15,Miwa HARIMOTO,JPN,1365
2024/1/2,1,16,JOO Cheonhui,KOR,1325
2024/1/2,1,17,Miu HIRANO,JPN,1173
2024/1/2,1,18,CHENG I-Ching,TPE,1165
2024/1/2,1,19,KUAI Man,CHN,1150
2024/1/2,1,20,FAN Siqi,CHN,1080
2024/1/2,1,21,Nina MITTELHAM,GER,985
2024/1/2,1,22,Sofia POLCANOVA,AUT,955
2024/1/2,1,23,Bruna TAKAHASHI,BRA,880
2024/1/2,1,24,Miyuu KIHARA,JPN,880
2024/1/2,1,25,Miyu NAGASAKI,JPN,765
2024/1/2,1,26,Jia Nan YUAN,FRA,710
2024/1/2,1,27,Yangzi LIU,AUS,705
2024/1/2,1,28,Dina MESHREF,EGY,680
2024/1/2,1,29,Hana GODA,EGY,680
2024/1/2,1,30,Elizabeta SAMARA,ROU,670
2024/1/2,1,31,Linda BERGSTROM,SWE,663
2024/1/2,1,32,HE Zhuojia,CHN,634
2024/1/2,1,33,Xiaona SHAN,GER,613
2024/1/2,1,34,LIU Weishan,CHN,590
2024/1/2,1,35,Manika BATRA,IND,590
2024/1/2,1,36,JEON Jihee,KOR,587
2024/1/2,1,37,DOO Hoi Kem,HKG,535
2024/1/2,1,38,Amy WANG,USA,534
2024/1/2,1,39,Prithika PAVADE,FRA,530
2024/1/2,1,40,CHEN Yi,CHN,505
2024/1/2,1,41,SHI Xunyao,CHN,495
2024/1/2,1,42,Suthasini SAWETTABUT,THA,470
2024/1/2,1,43,LI Yake,CHN,467
2024/1/2,1,44,LEE Zion,KOR,458
2024/1/2,1,45,Lily ZHANG,USA,438
2024/1/2,1,46,Xia Lian NI,LUX,435
2024/1/2,1,47,Sakura MORI,JPN,421
2024/1/2,1,48,ZHU Chengzhu,HKG,420
2024/1/2,1,49,CHIEN Tung-Chuan,TPE,418
2024/1/2,1,50,Minhyung JEE,AUS,403
2024/1/9,2,1,SUN Yingsha,CHN,8550
2024/1/9,2,2,WANG Yidi,CHN,4505
2024/1/9,2,3,WANG Manyu,CHN,4137
2024/1/9,2,4,CHEN Meng,CHN,3995
2024/1/9,2,5,Hina HAYATA,JPN,2950
2024/1/9,2,6,CHEN Xingtong,CHN,2805
2024/1/9,2,7,QIAN Tianyi,CHN,2385
2024/1/9,2,8,Ying HAN,GER,2030
2024/1/9,2,9,SHIN Yubin,KOR,1880
2024/1/9,2,10,Mima ITO,JPN,1755
2024/1/9,2,11,Adriana DIAZ,PUR,1600
2024/1/9,2,12,Bernadette SZOCS,ROU,1565
2024/1/9,2,13,ZHANG Rui,CHN,1440
2024/1/9,2,14,Xiaoxin YANG,MON,1380
2024/1/9,2,15,Miwa HARIMOTO,JPN,1365
2024/1/9,2,16,JOO Cheonhui,KOR,1325
2024/1/9,2,17,Miu HIRANO,JPN,1173
2024/1/9,2,18,CHENG I-Ching,TPE,1165
2024/1/9,2,19,KUAI Man,CHN,1150
2024/1/9,2,20,FAN Siqi,CHN,1080
2024/1/9,2,21,Nina MITTELHAM,GER,985
2024/1/9,2,22,Sofia POLCANOVA,AUT,955
2024/1/9,2,23,Bruna TAKAHASHI,BRA,880
2024/1/9,2,24,Miyuu KIHARA,JPN,880
2024/1/9,2,25,Miyu NAGASAKI,JPN,765
2024/1/9,2,26,Jia Nan YUAN,FRA,710
2024/1/9,2,27,Yangzi LIU,AUS,705
2024/1/9,2,28,Dina MESHREF,EGY,680
2024/1/9,2,29,Hana GODA,EGY,680
2024/1/9,2,30,Elizabeta SAMARA,ROU,670
2024/1/9,2,31,Linda BERGSTROM,SWE,663
2024/1/9,2,32,HE Zhuojia,CHN,634
2024/1/9,2,33,Xiaona SHAN,GER,613
2024/1/9,2,34,LIU Weishan,CHN,590
2024/1/9,2,35,Manika BATRA,IND,590
2024/1/9,2,36,JEON Jihee,KOR,587
2024/1/9,2,37,DOO Hoi Kem,HKG,535
2024/1/9,2,38,Amy WANG,USA,534
2024/1/9,2,39,Prithika PAVADE,FRA,530
2024/1/9,2,40,CHEN Yi,CHN,505
2024/1/9,2,41,SHI Xunyao,CHN,495
2024/1/9,2,42,Suthasini SAWETTABUT,THA,470
2024/1/9,2,43,LI Yake,CHN,467
2024/1/9,2,44,LEE Zion,KOR,458
2024/1/9,2,45,Lily ZHANG,USA,438
2024/1/9,2,46,Xia Lian NI,LUX,435
2024/1/9,2,47,Sakura MORI,JPN,421
2024/1/9,2,48,ZHU Chengzhu,HKG,420
2024/1/9,2,49,CHIEN Tung-Chuan,TPE,418
2024/1/9,2,50,Minhyung JEE,AUS,403
2024/1/16,3,1,SUN Yingsha,CHN,8800
2024/1/16,3,2,WANG Yidi,CHN,4505
2024/1/16,3,3,CHEN Meng,CHN,4325
2024/1/16,3,4,WANG Manyu,CHN,4137
2024/1/16,3,5,Hina HAYATA,JPN,2950
2024/1/16,3,6,CHEN Xingtong,CHN,2840
2024/1/16,3,7,QIAN Tianyi,CHN,2195
2024/1/16,3,8,Ying HAN,GER,2030
2024/1/16,3,9,SHIN Yubin,KOR,1880
2024/1/16,3,10,Mima ITO,JPN,1755
2024/1/16,3,11,Adriana DIAZ,PUR,1600
2024/1/16,3,12,Bernadette SZOCS,ROU,1565
2024/1/16,3,13,ZHANG Rui,CHN,1405
2024/1/16,3,14,Xiaoxin YANG,MON,1380
2024/1/16,3,15,Miwa HARIMOTO,JPN,1365
2024/1/16,3,16,JOO Cheonhui,KOR,1330
2024/1/16,3,17,Miu HIRANO,JPN,1173
2024/1/16,3,18,CHENG I-Ching,TPE,1165
2024/1/16,3,19,KUAI Man,CHN,1150
2024/1/16,3,20,Sofia POLCANOVA,AUT,965
2024/1/16,3,21,Nina MITTELHAM,GER,930
2024/1/16,3,22,Bruna TAKAHASHI,BRA,880
2024/1/16,3,23,Miyuu KIHARA,JPN,880
2024/1/16,3,24,FAN Siqi,CHN,800
2024/1/16,3,25,Miyu NAGASAKI,JPN,765
2024/1/16,3,26,Yangzi LIU,AUS,715
2024/1/16,3,27,Jia Nan YUAN,FRA,710
2024/1/16,3,28,Linda BERGSTROM,SWE,693
2024/1/16,3,29,Hana GODA,EGY,680
2024/1/16,3,30,Elizabeta SAMARA,ROU,670
2024/1/16,3,31,Dina MESHREF,EGY,635
2024/1/16,3,32,HE Zhuojia,CHN,634
2024/1/16,3,33,JEON Jihee,KOR,597
2024/1/16,3,34,Manika BATRA,IND,590
2024/1/16,3,35,Xiaona SHAN,GER,568
2024/1/16,3,36,DOO Hoi Kem,HKG,535
2024/1/16,3,37,Amy WANG,USA,534
2024/1/16,3,38,Prithika PAVADE,FRA,530
2024/1/16,3,39,LIU Weishan,CHN,524
2024/1/16,3,40,SHI Xunyao,CHN,495
2024/1/16,3,41,CHEN Yi,CHN,485
2024/1/16,3,42,Xia Lian NI,LUX,475
2024/1/16,3,43,Suthasini SAWETTABUT,THA,470
2024/1/16,3,44,LI Yake,CHN,467
2024/1/16,3,45,LEE Zion,KOR,458
2024/1/16,3,46,Lily ZHANG,USA,438
2024/1/16,3,47,Sakura MORI,JPN,421
2024/1/16,3,48,ZHU Chengzhu,HKG,420
2024/1/16,3,49,CHEN Szu-Yu,TPE,418
2024/1/16,3,50,Adina DIACONU,ROU,414
2024/1/23,4,1,SUN Yingsha,CHN,8800
2024/1/23,4,2,WANG Yidi,CHN,4505
2024/1/23,4,3,CHEN Meng,CHN,4325
2024/1/23,4,4,WANG Manyu,CHN,4137
2024/1/23,4,5,Hina HAYATA,JPN,2950
2024/1/23,4,6,CHEN Xingtong,CHN,2840
2024/1/23,4,7,QIAN Tianyi,CHN,2129
2024/1/23,4,8,SHIN Yubin,KOR,2060
2024/1/23,4,9,Ying HAN,GER,2030
2024/1/23,4,10,Mima ITO,JPN,1755
2024/1/23,4,11,Adriana DIAZ,PUR,1600
2024/1/23,4,12,Bernadette SZOCS,ROU,1565
2024/1/23,4,13,Xiaoxin YANG,MON,1380
2024/1/23,4,14,Miwa HARIMOTO,JPN,1365
2024/1/23,4,15,JOO Cheonhui,KOR,1330
2024/1/23,4,16,Miu HIRANO,JPN,1173
2024/1/23,4,17,KUAI Man,CHN,1150
2024/1/23,4,18,CHENG I-Ching,TPE,1150
2024/1/23,4,19,ZHANG Rui,CHN,1125
2024/1/23,4,20,Jia Nan YUAN,FRA,1120
2024/1/23,4,21,Bruna TAKAHASHI,BRA,1030
2024/1/23,4,22,Sofia POLCANOVA,AUT,965
2024/1/23,4,23,JEON Jihee,KOR,942
2024/1/23,4,24,Nina MITTELHAM,GER,930
2024/1/23,4,25,Miyuu KIHARA,JPN,880
2024/1/23,4,26,Miyu NAGASAKI,JPN,765
2024/1/23,4,27,Dina MESHREF,EGY,760
2024/1/23,4,28,Yangzi LIU,AUS,715
2024/1/23,4,29,Linda BERGSTROM,SWE,693
2024/1/23,4,30,Hana GODA,EGY,685
2024/1/23,4,31,Elizabeta SAMARA,ROU,660
2024/1/23,4,32,HE Zhuojia,CHN,619
2024/1/23,4,33,Prithika PAVADE,FRA,575
2024/1/23,4,34,Xiaona SHAN,GER,568
2024/1/23,4,35,Amy WANG,USA,559
2024/1/23,4,36,DOO Hoi Kem,HKG,555
2024/1/23,4,37,Lily ZHANG,USA,520
2024/1/23,4,38,Manika BATRA,IND,520
2024/1/23,4,39,Orawan PARANANG,THA,515
2024/1/23,4,40,SHI Xunyao,CHN,495
2024/1/23,4,41,Suthasini SAWETTABUT,THA,490
2024/1/23,4,42,Xia Lian NI,LUX,475
2024/1/23,4,43,CHEN Szu-Yu,TPE,468
2024/1/23,4,44,LI Yake,CHN,467
2024/1/23,4,45,LEE Zion,KOR,458
2024/1/23,4,46,KIM Nayeong,KOR,434
2024/1/23,4,47,Sakura MORI,JPN,421
2024/1/23,4,48,ZHU Chengzhu,HKG,420
2024/1/23,4,49,Minhyung JEE,AUS,403
2024/1/23,4,50,Adina DIACONU,ROU,403
2024/1/30,5,1,SUN Yingsha,CHN,8800
2024/1/30,5,2,WANG Yidi,CHN,4505
2024/1/30,5,3,CHEN Meng,CHN,4325
2024/1/30,5,4,WANG Manyu,CHN,4137
2024/1/30,5,5,Hina HAYATA,JPN,2950
2024/1/30,5,6,CHEN Xingtong,CHN,2840
2024/1/30,5,7,QIAN Tianyi,CHN,2103
2024/1/30,5,8,SHIN Yubin,KOR,2095
2024/1/30,5,9,Ying HAN,GER,2030
2024/1/30,5,10,Mima ITO,JPN,1755
2024/1/30,5,11,CHENG I-Ching,TPE,1695
2024/1/30,5,12,Adriana DIAZ,PUR,1600
2024/1/30,5,13,Bernadette SZOCS,ROU,1565
2024/1/30,5,14,Xiaoxin YANG,MON,1500
2024/1/30,5,15,JOO Cheonhui,KOR,1380
2024/1/30,5,16,Miwa HARIMOTO,JPN,1365
2024/1/30,5,17,Nina MITTELHAM,GER,1335
2024/1/30,5,18,Miu HIRANO,JPN,1173
2024/1/30,5,19,Jia Nan YUAN,FRA,1120
2024/1/30,5,20,KUAI Man,CHN,1100
2024/1/30,5,21,ZHANG Rui,CHN,1070
2024/1/30,5,22,Bruna TAKAHASHI,BRA,1030
2024/1/30,5,23,JEON Jihee,KOR,992
2024/1/30,5,24,Sofia POLCANOVA,AUT,965
2024/1/30,5,25,Miyuu KIHARA,JPN,880
2024/1/30,5,26,Miyu NAGASAKI,JPN,765
2024/1/30,5,27,Dina MESHREF,EGY,760
2024/1/30,5,28,Yangzi LIU,AUS,715
2024/1/30,5,29,Linda BERGSTROM,SWE,693
2024/1/30,5,30,Hana GODA,EGY,685
2024/1/30,5,31,Elizabeta SAMARA,ROU,660
2024/1/30,5,32,Prithika PAVADE,FRA,585
2024/1/30,5,33,DOO Hoi Kem,HKG,580
2024/1/30,5,34,Xiaona SHAN,GER,568
2024/1/30,5,35,Amy WANG,USA,559
2024/1/30,5,36,Manika BATRA,IND,540
2024/1/30,5,37,Lily ZHANG,USA,520
2024/1/30,5,38,Orawan PARANANG,THA,520
2024/1/30,5,39,KIM Nayeong,KOR,520
2024/1/30,5,40,Suthasini SAWETTABUT,THA,490
2024/1/30,5,41,Xia Lian NI,LUX,475
2024/1/30,5,42,HE Zhuojia,CHN,469
2024/1/30,5,43,CHEN Szu-Yu,TPE,468
2024/1/30,5,44,LI Yake,CHN,467
2024/1/30,5,45,SHI Xunyao,CHN,465
2024/1/30,5,46,LEE Zion,KOR,458
2024/1/30,5,47,Adina DIACONU,ROU,450
2024/1/30,5,48,Sakura MORI,JPN,421
2024/1/30,5,49,ZHU Chengzhu,HKG,420
2024/1/30,5,50,Minhyung JEE,AUS,403
2024/2/6,6,1,SUN Yingsha,CHN,8800
2024/2/6,6,2,WANG Yidi,CHN,4505
2024/2/6,6,3,CHEN Meng,CHN,4325
2024/2/6,6,4,WANG Manyu,CHN,4137
2024/2/6,6,5,Hina HAYATA,JPN,2950
2024/2/6,6,6,CHEN Xingtong,CHN,2840
2024/2/6,6,7,QIAN Tianyi,CHN,2103
2024/2/6,6,8,SHIN Yubin,KOR,2095
2024/2/6,6,9,Ying HAN,GER,2030
2024/2/6,6,10,Mima ITO,JPN,1755
2024/2/6,6,11,CHENG I-Ching,TPE,1695
2024/2/6,6,12,Adriana DIAZ,PUR,1600
2024/2/6,6,13,Bernadette SZOCS,ROU,1565
2024/2/6,6,14,Xiaoxin YANG,MON,1500
2024/2/6,6,15,JOO Cheonhui,KOR,1380
2024/2/6,6,16,Miwa HARIMOTO,JPN,1365
2024/2/6,6,17,Nina MITTELHAM,GER,1335
2024/2/6,6,18,Miu HIRANO,JPN,1173
2024/2/6,6,19,Jia Nan YUAN,FRA,1120
2024/2/6,6,20,ZHANG Rui,CHN,1070
2024/2/6,6,21,Bruna TAKAHASHI,BRA,1030
2024/2/6,6,22,JEON Jihee,KOR,992
2024/2/6,6,23,Sofia POLCANOVA,AUT,965
2024/2/6,6,24,KUAI Man,CHN,955
2024/2/6,6,25,Miyuu KIHARA,JPN,880
2024/2/6,6,26,Miyu NAGASAKI,JPN,765
2024/2/6,6,27,Dina MESHREF,EGY,760
2024/2/6,6,28,Yangzi LIU,AUS,715
2024/2/6,6,29,Linda BERGSTROM,SWE,693
2024/2/6,6,30,Hana GODA,EGY,685
2024/2/6,6,31,Elizabeta SAMARA,ROU,660
2024/2/6,6,32,Lily ZHANG,USA,635
2024/2/6,6,33,Prithika PAVADE,FRA,585
2024/2/6,6,34,DOO Hoi Kem,HKG,580
2024/2/6,6,35,Xiaona SHAN,GER,568
2024/2/6,6,36,Amy WANG,USA,559
2024/2/6,6,37,Manika BATRA,IND,540
2024/2/6,6,38,Orawan PARANANG,THA,520
2024/2/6,6,39,KIM Nayeong,KOR,520
2024/2/6,6,40,Suthasini SAWETTABUT,THA,490
2024/2/6,6,41,Xia Lian NI,LUX,475
2024/2/6,6,42,HE Zhuojia,CHN,469
2024/2/6,6,43,CHEN Szu-Yu,TPE,468
2024/2/6,6,44,LI Yake,CHN,467
2024/2/6,6,45,SHI Xunyao,CHN,465
2024/2/6,6,46,LEE Zion,KOR,458
2024/2/6,6,47,Adina DIACONU,ROU,450
2024/2/6,6,48,Sakura MORI,JPN,421
2024/2/6,6,49,Minhyung JEE,AUS,403
2024/2/6,6,50,Sreeja AKULA,IND,402
2024/2/13,7,1,SUN Yingsha,CHN,8800
2024/2/13,7,2,WANG Yidi,CHN,4505
2024/2/13,7,3,CHEN Meng,CHN,4325
2024/2/13,7,4,WANG Manyu,CHN,4137
2024/2/13,7,5,Hina HAYATA,JPN,2950
2024/2/13,7,6,CHEN Xingtong,CHN,2840
2024/2/13,7,7,QIAN Tianyi,CHN,2103
2024/2/13,7,8,SHIN Yubin,KOR,2095
2024/2/13,7,9,Ying HAN,GER,2030
2024/2/13,7,10,CHENG I-Ching,TPE,1695
2024/2/13,7,11,Adriana DIAZ,PUR,1600
2024/2/13,7,12,Bernadette SZOCS,ROU,1565
2024/2/13,7,13,Xiaoxin YANG,MON,1450
2024/2/13,7,14,Mima ITO,JPN,1445
2024/2/13,7,15,JOO Cheonhui,KOR,1380
2024/2/13,7,16,Miwa HARIMOTO,JPN,1365
2024/2/13,7,17,Nina MITTELHAM,GER,1335
2024/2/13,7,18,Miu HIRANO,JPN,1173
2024/2/13,7,19,ZHANG Rui,CHN,1070
2024/2/13,7,20,Jia Nan YUAN,FRA,1065
2024/2/13,7,21,JEON Jihee,KOR,992
2024/2/13,7,22,Bruna TAKAHASHI,BRA,975
2024/2/13,7,23,KUAI Man,CHN,955
2024/2/13,7,24,Miyuu KIHARA,JPN,880
2024/2/13,7,25,Sofia POLCANOVA,AUT,840
2024/2/13,7,26,Miyu NAGASAKI,JPN,765
2024/2/13,7,27,Dina MESHREF,EGY,760
2024/2/13,7,28,Yangzi LIU,AUS,715
2024/2/13,7,29,Linda BERGSTROM,SWE,693
2024/2/13,7,30,Hana GODA,EGY,685
2024/2/13,7,31,Elizabeta SAMARA,ROU,650
2024/2/13,7,32,Lily ZHANG,USA,635
2024/2/13,7,33,Prithika PAVADE,FRA,585
2024/2/13,7,34,Xiaona SHAN,GER,568
2024/2/13,7,35,Amy WANG,USA,559
2024/2/13,7,36,Manika BATRA,IND,540
2024/2/13,7,37,Orawan PARANANG,THA,520
2024/2/13,7,38,KIM Nayeong,KOR,520
2024/2/13,7,39,Suthasini SAWETTABUT,THA,490
2024/2/13,7,40,HE Zhuojia,CHN,469
2024/2/13,7,41,CHEN Szu-Yu,TPE,468
2024/2/13,7,42,LI Yake,CHN,467
2024/2/13,7,43,SHI Xunyao,CHN,465
2024/2/13,7,44,LEE Zion,KOR,458
2024/2/13,7,45,Sakura MORI,JPN,421
2024/2/13,7,46,Xia Lian NI,LUX,420
2024/2/13,7,47,Adina DIACONU,ROU,408
2024/2/13,7,48,Minhyung JEE,AUS,399
2024/2/13,7,49,Sreeja AKULA,IND,398
2024/2/13,7,50,SUH Hyo Won,KOR,390
2024/2/20,8,1,SUN Yingsha,CHN,8800
2024/2/20,8,2,WANG Yidi,CHN,4505
2024/2/20,8,3,CHEN Meng,CHN,4325
2024/2/20,8,4,WANG Manyu,CHN,4137
2024/2/20,8,5,Hina HAYATA,JPN,2950
2024/2/20,8,6,CHEN Xingtong,CHN,2840
2024/2/20,8,7,QIAN Tianyi,CHN,2103
2024/2/20,8,8,SHIN Yubin,KOR,2095
2024/2/20,8,9,Ying HAN,GER,2030
2024/2/20,8,10,CHENG I-Ching,TPE,1695
2024/2/20,8,11,Adriana DIAZ,PUR,1600
2024/2/20,8,12,Bernadette SZOCS,ROU,1565
2024/2/20,8,13,Xiaoxin YANG,MON,1450
2024/2/20,8,14,Mima ITO,JPN,1445
2024/2/20,8,15,JOO Cheonhui,KOR,1380
2024/2/20,8,16,Miwa HARIMOTO,JPN,1365
2024/2/20,8,17,Nina MITTELHAM,GER,1335
2024/2/20,8,18,Miu HIRANO,JPN,1173
2024/2/20,8,19,ZHANG Rui,CHN,1070
2024/2/20,8,20,Jia Nan YUAN,FRA,1065
2024/2/20,8,21,JEON Jihee,KOR,992
2024/2/20,8,22,Bruna TAKAHASHI,BRA,975
2024/2/20,8,23,KUAI Man,CHN,955
2024/2/20,8,24,Miyuu KIHARA,JPN,880
2024/2/20,8,25,Sofia POLCANOVA,AUT,840
2024/2/20,8,26,Miyu NAGASAKI,JPN,765
2024/2/20,8,27,Dina MESHREF,EGY,760
2024/2/20,8,28,Yangzi LIU,AUS,715
2024/2/20,8,29,Linda BERGSTROM,SWE,693
2024/2/20,8,30,Hana GODA,EGY,685
2024/2/20,8,31,Elizabeta SAMARA,ROU,650
2024/2/20,8,32,Lily ZHANG,USA,635
2024/2/20,8,33,Prithika PAVADE,FRA,585
2024/2/20,8,34,Xiaona SHAN,GER,568
2024/2/20,8,35,Amy WANG,USA,559
2024/2/20,8,36,Manika BATRA,IND,540
2024/2/20,8,37,Orawan PARANANG,THA,520
2024/2/20,8,38,KIM Nayeong,KOR,520
2024/2/20,8,39,Suthasini SAWETTABUT,THA,490
2024/2/20,8,40,HE Zhuojia,CHN,469
2024/2/20,8,41,CHEN Szu-Yu,TPE,468
2024/2/20,8,42,LI Yake,CHN,467
2024/2/20,8,43,SHI Xunyao,CHN,465
2024/2/20,8,44,LEE Zion,KOR,458
2024/2/20,8,45,Sakura MORI,JPN,421
2024/2/20,8,46,Xia Lian NI,LUX,420
2024/2/20,8,47,Adina DIACONU,ROU,408
2024/2/20,8,48,Minhyung JEE,AUS,399
2024/2/20,8,49,Sreeja AKULA,IND,398
2024/2/20,8,50,SUH Hyo Won,KOR,390
2024/2/27,9,1,SUN Yingsha,CHN,8800
2024/2/27,9,2,CHEN Meng,CHN,4527
2024/2/27,9,3,WANG Yidi,CHN,4505
2024/2/27,9,4,WANG Manyu,CHN,4137
2024/2/27,9,5,Hina HAYATA,JPN,3018
2024/2/27,9,6,CHEN Xingtong,CHN,2840
2024/2/27,9,7,QIAN Tianyi,CHN,2103
2024/2/27,9,8,SHIN Yubin,KOR,2095
2024/2/27,9,9,CHENG I-Ching,TPE,1722
2024/2/27,9,10,Ying HAN,GER,1620
2024/2/27,9,11,Adriana DIAZ,PUR,1600
2024/2/27,9,12,Bernadette SZOCS,ROU,1565
2024/2/27,9,13,Xiaoxin YANG,MON,1450
2024/2/27,9,14,Mima ITO,JPN,1445
2024/2/27,9,15,Miwa HARIMOTO,JPN,1382
2024/2/27,9,16,JOO Cheonhui,KOR,1380
2024/2/27,9,17,Miu HIRANO,JPN,1373
2024/2/27,9,18,Nina MITTELHAM,GER,1347
2024/2/27,9,19,Jia Nan YUAN,FRA,1190
2024/2/27,9,20,ZHANG Rui,CHN,1070
2024/2/27,9,21,Bruna TAKAHASHI,BRA,1002
2024/2/27,9,22,JEON Jihee,KOR,992
2024/2/27,9,23,KUAI Man,CHN,955
2024/2/27,9,24,Miyuu KIHARA,JPN,880
2024/2/27,9,25,Sofia POLCANOVA,AUT,854
2024/2/27,9,26,Dina MESHREF,EGY,790
2024/2/27,9,27,Miyu NAGASAKI,JPN,765
2024/2/27,9,28,Yangzi LIU,AUS,715
2024/2/27,9,29,Linda BERGSTROM,SWE,693
2024/2/27,9,30,Hana GODA,EGY,688
2024/2/27,9,31,Elizabeta SAMARA,ROU,660
2024/2/27,9,32,Prithika PAVADE,FRA,647
2024/2/27,9,33,Lily ZHANG,USA,635
2024/2/27,9,34,Amy WANG,USA,559
2024/2/27,9,35,Xiaona SHAN,GER,554
2024/2/27,9,36,Manika BATRA,IND,541
2024/2/27,9,37,Orawan PARANANG,THA,520
2024/2/27,9,38,KIM Nayeong,KOR,520
2024/2/27,9,39,Suthasini SAWETTABUT,THA,486
2024/2/27,9,40,LEE Zion,KOR,481
2024/2/27,9,41,HE Zhuojia,CHN,469
2024/2/27,9,42,CHEN Szu-Yu,TPE,468
2024/2/27,9,43,LI Yake,CHN,467
2024/2/27,9,44,SHI Xunyao,CHN,465
2024/2/27,9,45,DOO Hoi Kem,HKG,456
2024/2/27,9,46,Adina DIACONU,ROU,447
2024/2/27,9,47,ZHU Chengzhu,HKG,443
2024/2/27,9,48,Sakura MORI,JPN,421
2024/2/27,9,49,Natalia BAJOR,POL,414
2024/2/27,9,50,Sreeja AKULA,IND,401
2024/3/5,10,1,SUN Yingsha,CHN,8800
2024/3/5,10,2,CHEN Meng,CHN,4527
2024/3/5,10,3,WANG Manyu,CHN,4137
2024/3/5,10,4,WANG Yidi,CHN,4072
2024/3/5,10,5,Hina HAYATA,JPN,3018
2024/3/5,10,6,CHEN Xingtong,CHN,2840
2024/3/5,10,7,SHIN Yubin,KOR,2095
2024/3/5,10,8,QIAN Tianyi,CHN,1998
2024/3/5,10,9,Adriana DIAZ,PUR,1600
2024/3/5,10,10,Bernadette SZOCS,ROU,1565
2024/3/5,10,11,Ying HAN,GER,1530
2024/3/5,10,12,Mima ITO,JPN,1445
2024/3/5,10,13,Xiaoxin YANG,MON,1435
2024/3/5,10,14,JOO Cheonhui,KOR,1380
2024/3/5,10,15,CHENG I-Ching,TPE,1357
2024/3/5,10,16,Nina MITTELHAM,GER,1347
2024/3/5,10,17,Miwa HARIMOTO,JPN,1277
2024/3/5,10,18,Miu HIRANO,JPN,1206
2024/3/5,10,19,Jia Nan YUAN,FRA,1190
2024/3/5,10,20,ZHANG Rui,CHN,1070
2024/3/5,10,21,Bruna TAKAHASHI,BRA,1002
2024/3/5,10,22,JEON Jihee,KOR,992
2024/3/5,10,23,KUAI Man,CHN,900
2024/3/5,10,24,Miyuu KIHARA,JPN,880
2024/3/5,10,25,Sofia POLCANOVA,AUT,854
2024/3/5,10,26,Dina MESHREF,EGY,790
2024/3/5,10,27,Miyu NAGASAKI,JPN,765
2024/3/5,10,28,Yangzi LIU,AUS,694
2024/3/5,10,29,Linda BERGSTROM,SWE,693
2024/3/5,10,30,Hana GODA,EGY,683
2024/3/5,10,31,Prithika PAVADE,FRA,647
2024/3/5,10,32,Lily ZHANG,USA,635
2024/3/5,10,33,Elizabeta SAMARA,ROU,630
2024/3/5,10,34,Amy WANG,USA,559
2024/3/5,10,35,Xiaona SHAN,GER,554
2024/3/5,10,36,Manika BATRA,IND,521
2024/3/5,10,37,KIM Nayeong,KOR,520
2024/3/5,10,38,Orawan PARANANG,THA,496
2024/3/5,10,39,LEE Zion,KOR,481
2024/3/5,10,40,HE Zhuojia,CHN,469
2024/3/5,10,41,LI Yake,CHN,467
2024/3/5,10,42,SHI Xunyao,CHN,465
2024/3/5,10,43,DOO Hoi Kem,HKG,456
2024/3/5,10,44,Suthasini SAWETTABUT,THA,446
2024/3/5,10,45,CHEN Szu-Yu,TPE,444
2024/3/5,10,46,ZHU Chengzhu,HKG,443
2024/3/5,10,47,Adina DIACONU,ROU,440
2024/3/5,10,48,Sakura MORI,JPN,421
2024/3/5,10,49,Natalia BAJOR,POL,414
2024/3/5,10,50,Sreeja AKULA,IND,401
2024/3/12,11,1,SUN Yingsha,CHN,8800
2024/3/12,11,2,CHEN Meng,CHN,4527
2024/3/12,11,3,WANG Manyu,CHN,4137
2024/3/12,11,4,WANG Yidi,CHN,4072
2024/3/12,11,5,Hina HAYATA,JPN,3018
2024/3/12,11,6,CHEN Xingtong,CHN,2840
2024/3/12,11,7,SHIN Yubin,KOR,2095
2024/3/12,11,8,QIAN Tianyi,CHN,1998
2024/3/12,11,9,Adriana DIAZ,PUR,1600
2024/3/12,11,10,Bernadette SZOCS,ROU,1565
2024/3/12,11,11,Ying HAN,GER,1530
2024/3/12,11,12,Mima ITO,JPN,1445
2024/3/12,11,13,Xiaoxin YANG,MON,1435
2024/3/12,11,14,JOO Cheonhui,KOR,1380
2024/3/12,11,15,CHENG I-Ching,TPE,1357
2024/3/12,11,16,Nina MITTELHAM,GER,1347
2024/3/12,11,17,Miwa HARIMOTO,JPN,1277
2024/3/12,11,18,Miu HIRANO,JPN,1206
2024/3/12,11,19,Jia Nan YUAN,FRA,1190
2024/3/12,11,20,ZHANG Rui,CHN,1070
2024/3/12,11,21,Bruna TAKAHASHI,BRA,1002
2024/3/12,11,22,JEON Jihee,KOR,992
2024/3/12,11,23,KUAI Man,CHN,900
2024/3/12,11,24,Miyuu KIHARA,JPN,880
2024/3/12,11,25,Sofia POLCANOVA,AUT,854
2024/3/12,11,26,Dina MESHREF,EGY,790
2024/3/12,11,27,Miyu NAGASAKI,JPN,765
2024/3/12,11,28,Yangzi LIU,AUS,694
2024/3/12,11,29,Linda BERGSTROM,SWE,693
2024/3/12,11,30,Hana GODA,EGY,683
2024/3/12,11,31,Prithika PAVADE,FRA,647
2024/3/12,11,32,Lily ZHANG,USA,635
2024/3/12,11,33,Elizabeta SAMARA,ROU,630
2024/3/12,11,34,Amy WANG,USA,559
2024/3/12,11,35,Xiaona SHAN,GER,554
2024/3/12,11,36,Manika BATRA,IND,521
2024/3/12,11,37,KIM Nayeong,KOR,520
2024/3/12,11,38,Orawan PARANANG,THA,496
2024/3/12,11,39,LEE Zion,KOR,481
2024/3/12,11,40,HE Zhuojia,CHN,469
2024/3/12,11,41,LI Yake,CHN,467
2024/3/12,11,42,SHI Xunyao,CHN,465
2024/3/12,11,43,DOO Hoi Kem,HKG,456
2024/3/12,11,44,Suthasini SAWETTABUT,THA,446
2024/3/12,11,45,CHEN Szu-Yu,TPE,444
2024/3/12,11,46,ZHU Chengzhu,HKG,443
2024/3/12,11,47,Adina DIACONU,ROU,440
2024/3/12,11,48,Sakura MORI,JPN,421
2024/3/12,11,49,Natalia BAJOR,POL,414
2024/3/12,11,50,Sreeja AKULA,IND,401
2024/3/19,12,1,SUN Yingsha,CHN,7150
2024/3/19,12,2,WANG Manyu,CHN,5437
2024/3/19,12,3,WANG Yidi,CHN,5305
2024/3/19,12,4,CHEN Meng,CHN,4935
2024/3/19,12,5,CHEN Xingtong,CHN,3365
2024/3/19,12,6,Hina HAYATA,JPN,3018
2024/3/19,12,7,SHIN Yubin,KOR,2270
2024/3/19,12,8,Mima ITO,JPN,1705
2024/3/19,12,9,Bernadette SZOCS,ROU,1565
2024/3/19,12,10,Adriana DIAZ,PUR,1515
2024/3/19,12,11,CHENG I-Ching,TPE,1357
2024/3/19,12,12,Miwa HARIMOTO,JPN,1347
2024/3/19,12,13,Nina MITTELHAM,GER,1242
2024/3/19,12,14,Miu HIRANO,JPN,1206
2024/3/19,12,15,Ying HAN,GER,1180
2024/3/19,12,16,Xiaoxin YANG,MON,1175
2024/3/19,12,17,JOO Cheonhui,KOR,1155
2024/3/19,12,18,Jia Nan YUAN,FRA,1035
2024/3/19,12,19,Bruna TAKAHASHI,BRA,1002
2024/3/19,12,20,JEON Jihee,KOR,992
2024/3/19,12,21,QIAN Tianyi,CHN,948
2024/3/19,12,22,KUAI Man,CHN,900
2024/3/19,12,23,Miyuu KIHARA,JPN,835
2024/3/19,12,24,Miyu NAGASAKI,JPN,765
2024/3/19,12,25,Yangzi LIU,AUS,764
2024/3/19,12,26,Prithika PAVADE,FRA,752
2024/3/19,12,27,Dina MESHREF,EGY,720
2024/3/19,12,28,Hana GODA,EGY,683
2024/3/19,12,29,Sofia POLCANOVA,AUT,679
2024/3/19,12,30,KIM Nayeong,KOR,670
2024/3/19,12,31,Lily ZHANG,USA,635
2024/3/19,12,32,Linda BERGSTROM,SWE,628
2024/3/19,12,33,Amy WANG,USA,569
2024/3/19,12,34,Orawan PARANANG,THA,565
2024/3/19,12,35,Xiaona SHAN,GER,554
2024/3/19,12,36,SUH Hyo Won,KOR,545
2024/3/19,12,37,Elizabeta SAMARA,ROU,545
2024/3/19,12,38,Manika BATRA,IND,521
2024/3/19,12,39,CHEN Szu-Yu,TPE,503
2024/3/19,12,40,HE Zhuojia,CHN,469
2024/3/19,12,41,LI Yake,CHN,467
2024/3/19,12,42,SHI Xunyao,CHN,465
2024/3/19,12,43,LEE Zion,KOR,431
2024/3/19,12,44,Sakura MORI,JPN,421
2024/3/19,12,45,Adina DIACONU,ROU,415
2024/3/19,12,46,Natalia BAJOR,POL,414
2024/3/19,12,47,Sreeja AKULA,IND,401
2024/3/19,12,48,ZHU Chengzhu,HKG,398
2024/3/19,12,49,Sabine WINTER,GER,396
2024/3/19,12,50,Minhyung JEE,AUS,394
2024/3/26,13,1,SUN Yingsha,CHN,7150
2024/3/26,13,2,WANG Manyu,CHN,5437
2024/3/26,13,3,WANG Yidi,CHN,5305
2024/3/26,13,4,CHEN Meng,CHN,4935
2024/3/26,13,5,CHEN Xingtong,CHN,3365
2024/3/26,13,6,Hina HAYATA,JPN,3018
2024/3/26,13,7,SHIN Yubin,KOR,2270
2024/3/26,13,8,Mima ITO,JPN,1705
2024/3/26,13,9,Bernadette SZOCS,ROU,1565
2024/3/26,13,10,Adriana DIAZ,PUR,1515
2024/3/26,13,11,CHENG I-Ching,TPE,1357
2024/3/26,13,12,Miwa HARIMOTO,JPN,1347
2024/3/26,13,13,Nina MITTELHAM,GER,1242
2024/3/26,13,14,Miu HIRANO,JPN,1206
2024/3/26,13,15,Ying HAN,GER,1180
2024/3/26,13,16,Xiaoxin YANG,MON,1175
2024/3/26,13,17,JOO Cheonhui,KOR,1155
2024/3/26,13,18,Jia Nan YUAN,FRA,1035
2024/3/26,13,19,Bruna TAKAHASHI,BRA,1002
2024/3/26,13,20,JEON Jihee,KOR,992
2024/3/26,13,21,QIAN Tianyi,CHN,948
2024/3/26,13,22,KUAI Man,CHN,900
2024/3/26,13,23,Miyuu KIHARA,JPN,835
2024/3/26,13,24,Miyu NAGASAKI,JPN,765
2024/3/26,13,25,Yangzi LIU,AUS,764
2024/3/26,13,26,Prithika PAVADE,FRA,752
2024/3/26,13,27,Dina MESHREF,EGY,720
2024/3/26,13,28,Hana GODA,EGY,683
2024/3/26,13,29,Sofia POLCANOVA,AUT,679
2024/3/26,13,30,KIM Nayeong,KOR,670
2024/3/26,13,31,Lily ZHANG,USA,635
2024/3/26,13,32,SUH Hyo Won,KOR,630
2024/3/26,13,33,Linda BERGSTROM,SWE,628
2024/3/26,13,34,Amy WANG,USA,569
2024/3/26,13,35,Orawan PARANANG,THA,565
2024/3/26,13,36,Xiaona SHAN,GER,554
2024/3/26,13,37,Elizabeta SAMARA,ROU,545
2024/3/26,13,38,Manika BATRA,IND,521
2024/3/26,13,39,CHEN Szu-Yu,TPE,515
2024/3/26,13,40,Sreeja AKULA,IND,508
2024/3/26,13,41,HE Zhuojia,CHN,469
2024/3/26,13,42,Xia Lian NI,LUX,468
2024/3/26,13,43,LI Yake,CHN,467
2024/3/26,13,44,SHI Xunyao,CHN,465
2024/3/26,13,45,LEE Zion,KOR,431
2024/3/26,13,46,DOO Hoi Kem,HKG,426
2024/3/26,13,47,Sakura MORI,JPN,421
2024/3/26,13,48,Adina DIACONU,ROU,415
2024/3/26,13,49,Natalia BAJOR,POL,414
2024/3/26,13,50,ZHU Chengzhu,HKG,398
2024/4/2,14,1,SUN Yingsha,CHN,7800
2024/4/2,14,2,WANG Manyu,CHN,5915
2024/4/2,14,3,WANG Yidi,CHN,5480
2024/4/2,14,4,CHEN Meng,CHN,4935
2024/4/2,14,5,CHEN Xingtong,CHN,3365
2024/4/2,14,6,Hina HAYATA,JPN,3018
2024/4/2,14,7,SHIN Yubin,KOR,2270
2024/4/2,14,8,Mima ITO,JPN,1705
2024/4/2,14,9,Bernadette SZOCS,ROU,1650
2024/4/2,14,10,Adriana DIAZ,PUR,1535
2024/4/2,14,11,CHENG I-Ching,TPE,1392
2024/4/2,14,12,Miwa HARIMOTO,JPN,1327
2024/4/2,14,13,Nina MITTELHAM,GER,1242
2024/4/2,14,14,Miu HIRANO,JPN,1206
2024/4/2,14,15,Ying HAN,GER,1180
2024/4/2,14,16,Xiaoxin YANG,MON,1175
2024/4/2,14,17,JOO Cheonhui,KOR,1155
2024/4/2,14,18,JEON Jihee,KOR,1097
2024/4/2,14,19,Bruna TAKAHASHI,BRA,1072
2024/4/2,14,20,Jia Nan YUAN,FRA,1035
2024/4/2,14,21,QIAN Tianyi,CHN,948
2024/4/2,14,22,KUAI Man,CHN,900
2024/4/2,14,23,Sofia POLCANOVA,AUT,839
2024/4/2,14,24,Miyuu KIHARA,JPN,835
2024/4/2,14,25,Dina MESHREF,EGY,795
2024/4/2,14,26,Yangzi LIU,AUS,775
2024/4/2,14,27,Miyu NAGASAKI,JPN,765
2024/4/2,14,28,Prithika PAVADE,FRA,752
2024/4/2,14,29,Linda BERGSTROM,SWE,693
2024/4/2,14,30,Hana GODA,EGY,683
2024/4/2,14,31,KIM Nayeong,KOR,670
2024/4/2,14,32,Lily ZHANG,USA,635
2024/4/2,14,33,SUH Hyo Won,KOR,630
2024/4/2,14,34,Elizabeta SAMARA,ROU,610
2024/4/2,14,35,Amy WANG,USA,584
2024/4/2,14,36,Orawan PARANANG,THA,565
2024/4/2,14,37,Xiaona SHAN,GER,554
2024/4/2,14,38,Manika BATRA,IND,521
2024/4/2,14,39,CHEN Szu-Yu,TPE,515
2024/4/2,14,40,Sreeja AKULA,IND,508
2024/4/2,14,41,HE Zhuojia,CHN,469
2024/4/2,14,42,Xia Lian NI,LUX,468
2024/4/2,14,43,LI Yake,CHN,467
2024/4/2,14,44,SHI Xunyao,CHN,465
2024/4/2,14,45,LEE Zion,KOR,431
2024/4/2,14,46,DOO Hoi Kem,HKG,426
2024/4/2,14,47,Sakura MORI,JPN,419
2024/4/2,14,48,Adina DIACONU,ROU,415
2024/4/2,14,49,Natalia BAJOR,POL,414
2024/4/2,14,50,ZHU Chengzhu,HKG,398
2024/4/9,15,1,SUN Yingsha,CHN,7800
2024/4/9,15,2,WANG Manyu,CHN,5915
2024/4/9,15,3,WANG Yidi,CHN,5480
2024/4/9,15,4,CHEN Meng,CHN,4935
2024/4/9,15,5,CHEN Xingtong,CHN,3365
2024/4/9,15,6,Hina HAYATA,JPN,3018
2024/4/9,15,7,SHIN Yubin,KOR,2270
2024/4/9,15,8,Mima ITO,JPN,1705
2024/4/9,15,9,Bernadette SZOCS,ROU,1650
2024/4/9,15,10,Adriana DIAZ,PUR,1535
2024/4/9,15,11,CHENG I-Ching,TPE,1392
2024/4/9,15,12,Miwa HARIMOTO,JPN,1327
2024/4/9,15,13,Nina MITTELHAM,GER,1242
2024/4/9,15,14,Miu HIRANO,JPN,1206
2024/4/9,15,15,Ying HAN,GER,1180
2024/4/9,15,16,Xiaoxin YANG,MON,1175
2024/4/9,15,17,JOO Cheonhui,KOR,1155
2024/4/9,15,18,JEON Jihee,KOR,1097
2024/4/9,15,19,Bruna TAKAHASHI,BRA,1072
2024/4/9,15,20,Jia Nan YUAN,FRA,1035
2024/4/9,15,21,QIAN Tianyi,CHN,948
2024/4/9,15,22,KUAI Man,CHN,900
2024/4/9,15,23,Sofia POLCANOVA,AUT,839
2024/4/9,15,24,Miyuu KIHARA,JPN,835
2024/4/9,15,25,Dina MESHREF,EGY,795
2024/4/9,15,26,Yangzi LIU,AUS,775
2024/4/9,15,27,Miyu NAGASAKI,JPN,765
2024/4/9,15,28,Prithika PAVADE,FRA,752
2024/4/9,15,29,Linda BERGSTROM,SWE,693
2024/4/9,15,30,Hana GODA,EGY,683
2024/4/9,15,31,KIM Nayeong,KOR,670
2024/4/9,15,32,Lily ZHANG,USA,635
2024/4/9,15,33,SUH Hyo Won,KOR,630
2024/4/9,15,34,Elizabeta SAMARA,ROU,610
2024/4/9,15,35,Amy WANG,USA,584
2024/4/9,15,36,Orawan PARANANG,THA,565
2024/4/9,15,37,Xiaona SHAN,GER,554
2024/4/9,15,38,Manika BATRA,IND,521
2024/4/9,15,39,CHEN Szu-Yu,TPE,515
2024/4/9,15,40,Sreeja AKULA,IND,508
2024/4/9,15,41,Xia Lian NI,LUX,470
2024/4/9,15,42,HE Zhuojia,CHN,469
2024/4/9,15,43,LI Yake,CHN,467
2024/4/9,15,44,SHI Xunyao,CHN,465
2024/4/9,15,45,Adina DIACONU,ROU,452
2024/4/9,15,46,LEE Zion,KOR,431
2024/4/9,15,47,DOO Hoi Kem,HKG,426
2024/4/9,15,48,LEE Eunhye,KOR,424
2024/4/9,15,49,LI Yu-Jhun,TPE,421
2024/4/9,15,50,Sakura MORI,JPN,419
2024/4/16,16,1,SUN Yingsha,CHN,7150
2024/4/16,16,2,WANG Manyu,CHN,5915
2024/4/16,16,3,WANG Yidi,CHN,4955
2024/4/16,16,4,CHEN Meng,CHN,4935
2024/4/16,16,5,CHEN Xingtong,CHN,3085
2024/4/16,16,6,Hina HAYATA,JPN,3018
2024/4/16,16,7,SHIN Yubin,KOR,2270
2024/4/16,16,8,Bernadette SZOCS,ROU,1650
2024/4/16,16,9,Mima ITO,JPN,1620
2024/4/16,16,10,Adriana DIAZ,PUR,1535
2024/4/16,16,11,CHENG I-Ching,TPE,1357
2024/4/16,16,12,Miwa HARIMOTO,JPN,1327
2024/4/16,16,13,Miu HIRANO,JPN,1206
2024/4/16,16,14,Nina MITTELHAM,GER,1172
2024/4/16,16,15,JOO Cheonhui,KOR,1155
2024/4/16,16,16,Xiaoxin YANG,MON,1140
2024/4/16,16,17,JEON Jihee,KOR,1097
2024/4/16,16,18,Ying HAN,GER,1090
2024/4/16,16,19,Jia Nan YUAN,FRA,1035
2024/4/16,16,20,Bruna TAKAHASHI,BRA,1002
2024/4/16,16,21,QIAN Tianyi,CHN,948
2024/4/16,16,22,KUAI Man,CHN,900
2024/4/16,16,23,Sofia POLCANOVA,AUT,839
2024/4/16,16,24,Miyuu KIHARA,JPN,835
2024/4/16,16,25,Dina MESHREF,EGY,795
2024/4/16,16,26,Miyu NAGASAKI,JPN,765
2024/4/16,16,27,Yangzi LIU,AUS,764
2024/4/16,16,28,Prithika PAVADE,FRA,752
2024/4/16,16,29,Linda BERGSTROM,SWE,693
2024/4/16,16,30,Hana GODA,EGY,683
2024/4/16,16,31,KIM Nayeong,KOR,670
2024/4/16,16,32,Lily ZHANG,USA,635
2024/4/16,16,33,SUH Hyo Won,KOR,630
2024/4/16,16,34,Elizabeta SAMARA,ROU,610
2024/4/16,16,35,Amy WANG,USA,584
2024/4/16,16,36,Orawan PARANANG,THA,565
2024/4/16,16,37,Manika BATRA,IND,521
2024/4/16,16,38,CHEN Szu-Yu,TPE,515
2024/4/16,16,39,Sreeja AKULA,IND,508
2024/4/16,16,40,Xiaona SHAN,GER,479
2024/4/16,16,41,Xia Lian NI,LUX,470
2024/4/16,16,42,HE Zhuojia,CHN,469
2024/4/16,16,43,LI Yake,CHN,467
2024/4/16,16,44,SHI Xunyao,CHN,465
2024/4/16,16,45,ZHU Chengzhu,HKG,463
2024/4/16,16,46,Adina DIACONU,ROU,452
2024/4/16,16,47,LEE Eunhye,KOR,450
2024/4/16,16,48,LEE Zion,KOR,431
2024/4/16,16,49,DOO Hoi Kem,HKG,426
2024/4/16,16,50,LI Yu-Jhun,TPE,421
2024/4/23,17,1,SUN Yingsha,CHN,8300
2024/4/23,17,2,WANG Manyu,CHN,5965
2024/4/23,17,3,WANG Yidi,CHN,4772
2024/4/23,17,4,CHEN Meng,CHN,4760
2024/4/23,17,5,CHEN Xingtong,CHN,3145
2024/4/23,17,6,Hina HAYATA,JPN,3108
2024/4/23,17,7,SHIN Yubin,KOR,2270
2024/4/23,17,8,Miwa HARIMOTO,JPN,1747
2024/4/23,17,9,Adriana DIAZ,PUR,1710
2024/4/23,17,10,Bernadette SZOCS,ROU,1605
2024/4/23,17,11,Mima ITO,JPN,1600
2024/4/23,17,12,CHENG I-Ching,TPE,1447
2024/4/23,17,13,Miu HIRANO,JPN,1428
2024/4/23,17,14,JOO Cheonhui,KOR,1230
2024/4/23,17,15,Nina MITTELHAM,GER,1192
2024/4/23,17,16,Xiaoxin YANG,MON,1140
2024/4/23,17,17,JEON Jihee,KOR,1137
2024/4/23,17,18,Bruna TAKAHASHI,BRA,1022
2024/4/23,17,19,Ying HAN,GER,1000
2024/4/23,17,20,Jia Nan YUAN,FRA,985
2024/4/23,17,21,Sofia POLCANOVA,AUT,954
2024/4/23,17,22,KUAI Man,CHN,940
2024/4/23,17,23,Miyuu KIHARA,JPN,835
2024/4/23,17,24,Dina MESHREF,EGY,795
2024/4/23,17,25,QIAN Tianyi,CHN,773
2024/4/23,17,26,Miyu NAGASAKI,JPN,765
2024/4/23,17,27,Prithika PAVADE,FRA,752
2024/4/23,17,28,Linda BERGSTROM,SWE,698
2024/4/23,17,29,SUH Hyo Won,KOR,695
2024/4/23,17,30,Hana GODA,EGY,683
2024/4/23,17,31,Yangzi LIU,AUS,674
2024/4/23,17,32,KIM Nayeong,KOR,670
2024/4/23,17,33,Lily ZHANG,USA,635
2024/4/23,17,34,Elizabeta SAMARA,ROU,610
2024/4/23,17,35,Amy WANG,USA,599
2024/4/23,17,36,Orawan PARANANG,THA,580
2024/4/23,17,37,LEE Eunhye,KOR,540
2024/4/23,17,38,Sreeja AKULA,IND,529
2024/4/23,17,39,Manika BATRA,IND,526
2024/4/23,17,40,CHEN Szu-Yu,TPE,515
2024/4/23,17,41,Xiaona SHAN,GER,479
2024/4/23,17,42,Suthasini SAWETTABUT,THA,476
2024/4/23,17,43,Xia Lian NI,LUX,470
2024/4/23,17,44,HE Zhuojia,CHN,469
2024/4/23,17,45,ZHU Chengzhu,HKG,468
2024/4/23,17,46,LI Yake,CHN,467
2024/4/23,17,47,SHI Xunyao,CHN,465
2024/4/23,17,48,Adina DIACONU,ROU,452
2024/4/23,17,49,DOO Hoi Kem,HKG,446
2024/4/23,17,50,LEE Zion,KOR,431
2024/4/30,18,1,SUN Yingsha,CHN,8300
2024/4/30,18,2,WANG Manyu,CHN,5965
2024/4/30,18,3,WANG Yidi,CHN,4772
2024/4/30,18,4,CHEN Meng,CHN,4760
2024/4/30,18,5,Hina HAYATA,JPN,3108
2024/4/30,18,6,CHEN Xingtong,CHN,2615
2024/4/30,18,7,SHIN Yubin,KOR,2270
2024/4/30,18,8,Miwa HARIMOTO,JPN,1747
2024/4/30,18,9,Bernadette SZOCS,ROU,1605
2024/4/30,18,10,Mima ITO,JPN,1600
2024/4/30,18,11,Adriana DIAZ,PUR,1570
2024/4/30,18,12,CHENG I-Ching,TPE,1447
2024/4/30,18,13,Miu HIRANO,JPN,1416
2024/4/30,18,14,Nina MITTELHAM,GER,1192
2024/4/30,18,15,JEON Jihee,KOR,1137
2024/4/30,18,16,Xiaoxin YANG,MON,1070
2024/4/30,18,17,Bruna TAKAHASHI,BRA,1022
2024/4/30,18,18,Ying HAN,GER,1000
2024/4/30,18,19,Jia Nan YUAN,FRA,985
2024/4/30,18,20,Sofia POLCANOVA,AUT,914
2024/4/30,18,21,JOO Cheonhui,KOR,865
2024/4/30,18,22,KUAI Man,CHN,835
2024/4/30,18,23,Miyuu KIHARA,JPN,815
2024/4/30,18,24,Dina MESHREF,EGY,795
2024/4/30,18,25,QIAN Tianyi,CHN,773
2024/4/30,18,26,Prithika PAVADE,FRA,752
2024/4/30,18,27,Linda BERGSTROM,SWE,698
2024/4/30,18,28,SUH Hyo Won,KOR,695
2024/4/30,18,29,Hana GODA,EGY,683
2024/4/30,18,30,KIM Nayeong,KOR,670
2024/4/30,18,31,Yangzi LIU,AUS,649
2024/4/30,18,32,Elizabeta SAMARA,ROU,610
2024/4/30,18,33,Amy WANG,USA,599
2024/4/30,18,34,Orawan PARANANG,THA,580
2024/4/30,18,35,Miyu NAGASAKI,JPN,575
2024/4/30,18,36,Lily ZHANG,USA,540
2024/4/30,18,37,LEE Eunhye,KOR,540
2024/4/30,18,38,Sreeja AKULA,IND,529
2024/4/30,18,39,Manika BATRA,IND,526
2024/4/30,18,40,CHEN Szu-Yu,TPE,515
2024/4/30,18,41,Xiaona SHAN,GER,479
2024/4/30,18,42,Xia Lian NI,LUX,470
2024/4/30,18,43,HE Zhuojia,CHN,469
2024/4/30,18,44,ZHU Chengzhu,HKG,468
2024/4/30,18,45,LI Yake,CHN,467
2024/4/30,18,46,SHI Xunyao,CHN,465
2024/4/30,18,47,Adina DIACONU,ROU,452
2024/4/30,18,48,DOO Hoi Kem,HKG,446
2024/4/30,18,49,Suthasini SAWETTABUT,THA,436
2024/4/30,18,50,LEE Zion,KOR,431
2024/5/7,19,1,SUN Yingsha,CHN,8300
2024/5/7,19,2,WANG Manyu,CHN,5965
2024/5/7,19,3,WANG Yidi,CHN,4772
2024/5/7,19,4,CHEN Meng,CHN,4760
2024/5/7,19,5,Hina HAYATA,JPN,3108
2024/5/7,19,6,CHEN Xingtong,CHN,2615
2024/5/7,19,7,SHIN Yubin,KOR,2270
2024/5/7,19,8,Miwa HARIMOTO,JPN,1747
2024/5/7,19,9,Bernadette SZOCS,ROU,1605
2024/5/7,19,10,Mima ITO,JPN,1600
2024/5/7,19,11,Adriana DIAZ,PUR,1570
2024/5/7,19,12,CHENG I-Ching,TPE,1447
2024/5/7,19,13,Miu HIRANO,JPN,1416
2024/5/7,19,14,Nina MITTELHAM,GER,1192
2024/5/7,19,15,JEON Jihee,KOR,1137
2024/5/7,19,16,Xiaoxin YANG,MON,1070
2024/5/7,19,17,Bruna TAKAHASHI,BRA,1022
2024/5/7,19,18,Ying HAN,GER,1000
2024/5/7,19,19,Jia Nan YUAN,FRA,985
2024/5/7,19,20,Sofia POLCANOVA,AUT,914
2024/5/7,19,21,JOO Cheonhui,KOR,865
2024/5/7,19,22,KUAI Man,CHN,835
2024/5/7,19,23,Miyuu KIHARA,JPN,815
2024/5/7,19,24,Dina MESHREF,EGY,795
2024/5/7,19,25,QIAN Tianyi,CHN,773
2024/5/7,19,26,Prithika PAVADE,FRA,752
2024/5/7,19,27,Linda BERGSTROM,SWE,698
2024/5/7,19,28,SUH Hyo Won,KOR,695
2024/5/7,19,29,Hana GODA,EGY,683
2024/5/7,19,30,KIM Nayeong,KOR,670
2024/5/7,19,31,Yangzi LIU,AUS,649
2024/5/7,19,32,Elizabeta SAMARA,ROU,610
2024/5/7,19,33,Amy WANG,USA,599
2024/5/7,19,34,Orawan PARANANG,THA,580
2024/5/7,19,35,Miyu NAGASAKI,JPN,575
2024/5/7,19,36,Lily ZHANG,USA,540
2024/5/7,19,37,LEE Eunhye,KOR,540
2024/5/7,19,38,Sreeja AKULA,IND,529
2024/5/7,19,39,Manika BATRA,IND,526
2024/5/7,19,40,CHEN Szu-Yu,TPE,515
2024/5/7,19,41,Xiaona SHAN,GER,479
2024/5/7,19,42,Xia Lian NI,LUX,470
2024/5/7,19,43,HE Zhuojia,CHN,469
2024/5/7,19,44,ZHU Chengzhu,HKG,468
2024/5/7,19,45,LI Yake,CHN,467
2024/5/7,19,46,SHI Xunyao,CHN,465
2024/5/7,19,47,Adina DIACONU,ROU,452
2024/5/7,19,48,DOO Hoi Kem,HKG,446
2024/5/7,19,49,Suthasini SAWETTABUT,THA,436
2024/5/7,19,50,LEE Zion,KOR,431
2024/5/14,20,1,SUN Yingsha,CHN,9200
2024/5/14,20,2,CHEN Meng,CHN,6410
2024/5/14,20,3,WANG Manyu,CHN,5965
2024/5/14,20,4,WANG Yidi,CHN,5305
2024/5/14,20,5,Hina HAYATA,JPN,3565
2024/5/14,20,6,CHEN Xingtong,CHN,2720
2024/5/14,20,7,SHIN Yubin,KOR,2270
2024/5/14,20,8,Miwa HARIMOTO,JPN,1992
2024/5/14,20,9,Mima ITO,JPN,1880
2024/5/14,20,10,Bernadette SZOCS,ROU,1605
2024/5/14,20,11,Adriana DIAZ,PUR,1570
2024/5/14,20,12,CHENG I-Ching,TPE,1567
2024/5/14,20,13,Miu HIRANO,JPN,1548
2024/5/14,20,14,Nina MITTELHAM,GER,1327
2024/5/14,20,15,JEON Jihee,KOR,1242
2024/5/14,20,16,Xiaoxin YANG,MON,1210
2024/5/14,20,17,QIAN Tianyi,CHN,1123
2024/5/14,20,18,Bruna TAKAHASHI,BRA,1022
2024/5/14,20,19,Ying HAN,GER,1000
2024/5/14,20,20,Sofia POLCANOVA,AUT,989
2024/5/14,20,21,Jia Nan YUAN,FRA,985
2024/5/14,20,22,Miyuu KIHARA,JPN,955
2024/5/14,20,23,JOO Cheonhui,KOR,900
2024/5/14,20,24,Manika BATRA,IND,840
2024/5/14,20,25,KUAI Man,CHN,835
2024/5/14,20,26,Dina MESHREF,EGY,795
2024/5/14,20,27,SUH Hyo Won,KOR,760
2024/5/14,20,28,Prithika PAVADE,FRA,752
2024/5/14,20,29,KIM Nayeong,KOR,735
2024/5/14,20,30,Linda BERGSTROM,SWE,698
2024/5/14,20,31,Hana GODA,EGY,683
2024/5/14,20,32,Yangzi LIU,AUS,669
2024/5/14,20,33,Lily ZHANG,USA,620
2024/5/14,20,34,Amy WANG,USA,615
2024/5/14,20,35,Elizabeta SAMARA,ROU,610
2024/5/14,20,36,Orawan PARANANG,THA,580
2024/5/14,20,37,Miyu NAGASAKI,JPN,575
2024/5/14,20,38,CHEN Szu-Yu,TPE,570
2024/5/14,20,39,Xiaona SHAN,GER,554
2024/5/14,20,40,LEE Eunhye,KOR,540
2024/5/14,20,41,Sreeja AKULA,IND,530
2024/5/14,20,42,DOO Hoi Kem,HKG,511
2024/5/14,20,43,Natalia BAJOR,POL,489
2024/5/14,20,44,Xia Lian NI,LUX,470
2024/5/14,20,45,HE Zhuojia,CHN,469
2024/5/14,20,46,ZHU Chengzhu,HKG,468
2024/5/14,20,47,LI Yake,CHN,467
2024/5/14,20,48,SHI Xunyao,CHN,465
2024/5/14,20,49,Adina DIACONU,ROU,457
2024/5/14,20,50,Suthasini SAWETTABUT,THA,441
2024/5/21,21,1,SUN Yingsha,CHN,9200
2024/5/21,21,2,CHEN Meng,CHN,6410
2024/5/21,21,3,WANG Manyu,CHN,5965
2024/5/21,21,4,WANG Yidi,CHN,5305
2024/5/21,21,5,Hina HAYATA,JPN,3565
2024/5/21,21,6,CHEN Xingtong,CHN,2720
2024/5/21,21,7,SHIN Yubin,KOR,2270
2024/5/21,21,8,Miwa HARIMOTO,JPN,1992
2024/5/21,21,9,Mima ITO,JPN,1880
2024/5/21,21,10,Bernadette SZOCS,ROU,1605
2024/5/21,21,11,Adriana DIAZ,PUR,1570
2024/5/21,21,12,CHENG I-Ching,TPE,1567
2024/5/21,21,13,Miu HIRANO,JPN,1548
2024/5/21,21,14,Nina MITTELHAM,GER,1327
2024/5/21,21,15,JEON Jihee,KOR,1242
2024/5/21,21,16,Xiaoxin YANG,MON,1210
2024/5/21,21,17,QIAN Tianyi,CHN,1123
2024/5/21,21,18,Bruna TAKAHASHI,BRA,1022
2024/5/21,21,19,Ying HAN,GER,1000
2024/5/21,21,20,Sofia POLCANOVA,AUT,989
2024/5/21,21,21,Jia Nan YUAN,FRA,985
2024/5/21,21,22,Miyuu KIHARA,JPN,955
2024/5/21,21,23,Dina MESHREF,EGY,945
2024/5/21,21,24,JOO Cheonhui,KOR,900
2024/5/21,21,25,Manika BATRA,IND,840
2024/5/21,21,26,KUAI Man,CHN,835
2024/5/21,21,27,SUH Hyo Won,KOR,760
2024/5/21,21,28,Prithika PAVADE,FRA,752
2024/5/21,21,29,KIM Nayeong,KOR,735
2024/5/21,21,30,Linda BERGSTROM,SWE,698
2024/5/21,21,31,Hana GODA,EGY,683
2024/5/21,21,32,Yangzi LIU,AUS,669
2024/5/21,21,33,Lily ZHANG,USA,620
2024/5/21,21,34,Amy WANG,USA,615
2024/5/21,21,35,Elizabeta SAMARA,ROU,610
2024/5/21,21,36,Orawan PARANANG,THA,580
2024/5/21,21,37,Miyu NAGASAKI,JPN,575
2024/5/21,21,38,CHEN Szu-Yu,TPE,570
2024/5/21,21,39,Xiaona SHAN,GER,554
2024/5/21,21,40,LEE Eunhye,KOR,540
2024/5/21,21,41,Sreeja AKULA,IND,530
2024/5/21,21,42,DOO Hoi Kem,HKG,511
2024/5/21,21,43,Natalia BAJOR,POL,489
2024/5/21,21,44,Xia Lian NI,LUX,470
2024/5/21,21,45,HE Zhuojia,CHN,469
2024/5/21,21,46,Mariam ALHODABY,EGY,469
2024/5/21,21,47,ZHU Chengzhu,HKG,468
2024/5/21,21,48,LI Yake,CHN,467
2024/5/21,21,49,SHI Xunyao,CHN,465
2024/5/21,21,50,Adina DIACONU,ROU,457
2024/5/28,22,1,SUN Yingsha,CHN,7700
2024/5/28,22,2,WANG Manyu,CHN,5837
2024/5/28,22,3,CHEN Meng,CHN,5360
2024/5/28,22,4,WANG Yidi,CHN,5235
2024/5/28,22,5,Hina HAYATA,JPN,3145
2024/5/28,22,6,CHEN Xingtong,CHN,2420
2024/5/28,22,7,SHIN Yubin,KOR,2270
2024/5/28,22,8,Miwa HARIMOTO,JPN,1992
2024/5/28,22,9,Bernadette SZOCS,ROU,1605
2024/5/28,22,10,Mima ITO,JPN,1600
2024/5/28,22,11,Miu HIRANO,JPN,1513
2024/5/28,22,12,Adriana DIAZ,PUR,1450
2024/5/28,22,13,CHENG I-Ching,TPE,1447
2024/5/28,22,14,JEON Jihee,KOR,1222
2024/5/28,22,15,Xiaoxin YANG,MON,1210
2024/5/28,22,16,QIAN Tianyi,CHN,1193
2024/5/28,22,17,Nina MITTELHAM,GER,1192
2024/5/28,22,18,Bruna TAKAHASHI,BRA,1127
2024/5/28,22,19,Sofia POLCANOVA,AUT,989
2024/5/28,22,20,Miyuu KIHARA,JPN,920
2024/5/28,22,21,Jia Nan YUAN,FRA,915
2024/5/28,22,22,JOO Cheonhui,KOR,900
2024/5/28,22,23,Miyu NAGASAKI,JPN,885
2024/5/28,22,24,Dina MESHREF,EGY,875
2024/5/28,22,25,KUAI Man,CHN,839
2024/5/28,22,26,Manika BATRA,IND,786
2024/5/28,22,27,Prithika PAVADE,FRA,752
2024/5/28,22,28,KIM Nayeong,KOR,735
2024/5/28,22,29,Linda BERGSTROM,SWE,688
2024/5/28,22,30,Yangzi LIU,AUS,673
2024/5/28,22,31,Hana GODA,EGY,658
2024/5/28,22,32,Ying HAN,GER,650
2024/5/28,22,33,Lily ZHANG,USA,620
2024/5/28,22,34,SUH Hyo Won,KOR,620
2024/5/28,22,35,Amy WANG,USA,609
2024/5/28,22,36,Xiaona SHAN,GER,604
2024/5/28,22,37,CHEN Szu-Yu,TPE,570
2024/5/28,22,38,Orawan PARANANG,THA,560
2024/5/28,22,39,Elizabeta SAMARA,ROU,540
2024/5/28,22,40,LEE Eunhye,KOR,540
2024/5/28,22,41,SHI Xunyao,CHN,535
2024/5/28,22,42,Sreeja AKULA,IND,504
2024/5/28,22,43,LI Yake,CHN,502
2024/5/28,22,44,DOO Hoi Kem,HKG,491
2024/5/28,22,45,Natalia BAJOR,POL,489
2024/5/28,22,46,HE Zhuojia,CHN,469
2024/5/28,22,47,Mo ZHANG,CAN,459
2024/5/28,22,48,Xia Lian NI,LUX,450
2024/5/28,22,49,CHIEN Tung-Chuan,TPE,440
2024/5/28,22,50,Sakura MORI,JPN,439
2024/6/4,23,1,SUN Yingsha,CHN,7700
2024/6/4,23,2,WANG Manyu,CHN,5837
2024/6/4,23,3,CHEN Meng,CHN,5360
2024/6/4,23,4,WANG Yidi,CHN,5235
2024/6/4,23,5,Hina HAYATA,JPN,3145
2024/6/4,23,6,CHEN Xingtong,CHN,2420
2024/6/4,23,7,SHIN Yubin,KOR,2270
2024/6/4,23,8,Miwa HARIMOTO,JPN,1992
2024/6/4,23,9,Bernadette SZOCS,ROU,1605
2024/6/4,23,10,Mima ITO,JPN,1600
2024/6/4,23,11,Miu HIRANO,JPN,1513
2024/6/4,23,12,Adriana DIAZ,PUR,1450
2024/6/4,23,13,CHENG I-Ching,TPE,1447
2024/6/4,23,14,JEON Jihee,KOR,1222
2024/6/4,23,15,Xiaoxin YANG,MON,1210
2024/6/4,23,16,QIAN Tianyi,CHN,1193
2024/6/4,23,17,Nina MITTELHAM,GER,1192
2024/6/4,23,18,Bruna TAKAHASHI,BRA,1127
2024/6/4,23,19,Sofia POLCANOVA,AUT,989
2024/6/4,23,20,Miyuu KIHARA,JPN,920
2024/6/4,23,21,Jia Nan YUAN,FRA,915
2024/6/4,23,22,Miyu NAGASAKI,JPN,900
2024/6/4,23,23,JOO Cheonhui,KOR,900
2024/6/4,23,24,Dina MESHREF,EGY,875
2024/6/4,23,25,KUAI Man,CHN,839
2024/6/4,23,26,Sakura MORI,JPN,839
2024/6/4,23,27,Prithika PAVADE,FRA,752
2024/6/4,23,28,Manika BATRA,IND,750
2024/6/4,23,29,KIM Nayeong,KOR,735
2024/6/4,23,30,Linda BERGSTROM,SWE,688
2024/6/4,23,31,Yangzi LIU,AUS,673
2024/6/4,23,32,Hana GODA,EGY,658
2024/6/4,23,33,Ying HAN,GER,650
2024/6/4,23,34,Lily ZHANG,USA,620
2024/6/4,23,35,SUH Hyo Won,KOR,620
2024/6/4,23,36,Amy WANG,USA,609
2024/6/4,23,37,Xiaona SHAN,GER,604
2024/6/4,23,38,CHEN Szu-Yu,TPE,570
2024/6/4,23,39,LEE Eunhye,KOR,565
2024/6/4,23,40,Orawan PARANANG,THA,560
2024/6/4,23,41,Elizabeta SAMARA,ROU,540
2024/6/4,23,42,SHI Xunyao,CHN,535
2024/6/4,23,43,Sreeja AKULA,IND,504
2024/6/4,23,44,LI Yake,CHN,502
2024/6/4,23,45,CHIEN Tung-Chuan,TPE,495
2024/6/4,23,46,DOO Hoi Kem,HKG,491
2024/6/4,23,47,Natalia BAJOR,POL,489
2024/6/4,23,48,HUANG Yi-Hua,TPE,488
2024/6/4,23,49,Mo ZHANG,CAN,480
2024/6/4,23,50,LIU Hsing-Yin,TPE,475
2024/6/11,24,1,SUN Yingsha,CHN,8200
2024/6/11,24,2,WANG Manyu,CHN,6315
2024/6/11,24,3,WANG Yidi,CHN,5410
2024/6/11,24,4,CHEN Meng,CHN,5360
2024/6/11,24,5,Hina HAYATA,JPN,3280
2024/6/11,24,6,CHEN Xingtong,CHN,2490
2024/6/11,24,7,SHIN Yubin,KOR,2270
2024/6/11,24,8,Miwa HARIMOTO,JPN,2185
2024/6/11,24,9,Miu HIRANO,JPN,1628
2024/6/11,24,10,Bernadette SZOCS,ROU,1605
2024/6/11,24,11,Mima ITO,JPN,1600
2024/6/11,24,12,Adriana DIAZ,PUR,1485
2024/6/11,24,13,CHENG I-Ching,TPE,1462
2024/6/11,24,14,JEON Jihee,KOR,1242
2024/6/11,24,15,Xiaoxin YANG,MON,1210
2024/6/11,24,16,QIAN Tianyi,CHN,1193
2024/6/11,24,17,Nina MITTELHAM,GER,1192
2024/6/11,24,18,Bruna TAKAHASHI,BRA,1127
2024/6/11,24,19,Miyuu KIHARA,JPN,1015
2024/6/11,24,20,Sofia POLCANOVA,AUT,989
2024/6/11,24,21,JOO Cheonhui,KOR,935
2024/6/11,24,22,Jia Nan YUAN,FRA,915
2024/6/11,24,23,Miyu NAGASAKI,JPN,900
2024/6/11,24,24,Dina MESHREF,EGY,875
2024/6/11,24,25,KUAI Man,CHN,839
2024/6/11,24,26,Sakura MORI,JPN,839
2024/6/11,24,27,Manika BATRA,IND,786
2024/6/11,24,28,Prithika PAVADE,FRA,752
2024/6/11,24,29,KIM Nayeong,KOR,735
2024/6/11,24,30,Hana GODA,EGY,728
2024/6/11,24,31,Lily ZHANG,USA,715
2024/6/11,24,32,Linda BERGSTROM,SWE,688
2024/6/11,24,33,Yangzi LIU,AUS,684
2024/6/11,24,34,Ying HAN,GER,650
2024/6/11,24,35,Orawan PARANANG,THA,625
2024/6/11,24,36,Amy WANG,USA,620
2024/6/11,24,37,SUH Hyo Won,KOR,620
2024/6/11,24,38,Xiaona SHAN,GER,604
2024/6/11,24,39,LEE Eunhye,KOR,565
2024/6/11,24,40,HE Zhuojia,CHN,559
2024/6/11,24,41,Elizabeta SAMARA,ROU,540
2024/6/11,24,42,SHI Xunyao,CHN,535
2024/6/11,24,43,CHEN Szu-Yu,TPE,525
2024/6/11,24,44,Sreeja AKULA,IND,504
2024/6/11,24,45,LI Yake,CHN,502
2024/6/11,24,46,CHIEN Tung-Chuan,TPE,495
2024/6/11,24,47,DOO Hoi Kem,HKG,491
2024/6/11,24,48,Natalia BAJOR,POL,489
2024/6/11,24,49,HUANG Yi-Hua,TPE,488
2024/6/11,24,50,Mo ZHANG,CAN,480
2024/6/18,25,1,SUN Yingsha,CHN,8200
2024/6/18,25,2,WANG Manyu,CHN,6315
2024/6/18,25,3,WANG Yidi,CHN,5410
2024/6/18,25,4,CHEN Meng,CHN,5360
2024/6/18,25,5,Hina HAYATA,JPN,3600
2024/6/18,25,6,CHEN Xingtong,CHN,2490
2024/6/18,25,7,Miwa HARIMOTO,JPN,2255
2024/6/18,25,8,SHIN Yubin,KOR,2080
2024/6/18,25,9,Miu HIRANO,JPN,1643
2024/6/18,25,10,Bernadette SZOCS,ROU,1605
2024/6/18,25,11,Mima ITO,JPN,1600
2024/6/18,25,12,Adriana DIAZ,PUR,1520
2024/6/18,25,13,CHENG I-Ching,TPE,1462
2024/6/18,25,14,JEON Jihee,KOR,1242
2024/6/18,25,15,Xiaoxin YANG,MON,1210
2024/6/18,25,16,QIAN Tianyi,CHN,1193
2024/6/18,25,17,Nina MITTELHAM,GER,1192
2024/6/18,25,18,Bruna TAKAHASHI,BRA,1127
2024/6/18,25,19,Prithika PAVADE,FRA,1102
2024/6/18,25,20,Miyuu KIHARA,JPN,1050
2024/6/18,25,21,Jia Nan YUAN,FRA,1000
2024/6/18,25,22,Sofia POLCANOVA,AUT,989
2024/6/18,25,23,JOO Cheonhui,KOR,935
2024/6/18,25,24,Miyu NAGASAKI,JPN,930
2024/6/18,25,25,Dina MESHREF,EGY,855
2024/6/18,25,26,KUAI Man,CHN,839
2024/6/18,25,27,Sakura MORI,JPN,839
2024/6/18,25,28,Manika BATRA,IND,786
2024/6/18,25,29,Lily ZHANG,USA,750
2024/6/18,25,30,Hana GODA,EGY,713
2024/6/18,25,31,Yangzi LIU,AUS,684
2024/6/18,25,32,Linda BERGSTROM,SWE,673
2024/6/18,25,33,Ying HAN,GER,650
2024/6/18,25,34,KIM Nayeong,KOR,630
2024/6/18,25,35,Orawan PARANANG,THA,625
2024/6/18,25,36,Amy WANG,USA,620
2024/6/18,25,37,SUH Hyo Won,KOR,620
2024/6/18,25,38,Xiaona SHAN,GER,604
2024/6/18,25,39,LEE Eunhye,KOR,565
2024/6/18,25,40,HE Zhuojia,CHN,559
2024/6/18,25,41,Elizabeta SAMARA,ROU,545
2024/6/18,25,42,SHI Xunyao,CHN,535
2024/6/18,25,43,Sreeja AKULA,IND,504
2024/6/18,25,44,CHIEN Tung-Chuan,TPE,495
2024/6/18,25,45,DOO Hoi Kem,HKG,491
2024/6/18,25,46,Natalia BAJOR,POL,489
2024/6/18,25,47,HUANG Yi-Hua,TPE,488
2024/6/18,25,48,Mo ZHANG,CAN,480
2024/6/18,25,49,CHEN Szu-Yu,TPE,480
2024/6/18,25,50,LIU Hsing-Yin,TPE,475
2024/6/25,26,1,SUN Yingsha,CHN,8200
2024/6/25,26,2,WANG Manyu,CHN,6315
2024/6/25,26,3,WANG Yidi,CHN,5410
2024/6/25,26,4,CHEN Meng,CHN,5360
2024/6/25,26,5,Hina HAYATA,JPN,3600
2024/6/25,26,6,CHEN Xingtong,CHN,2490
2024/6/25,26,7,Miwa HARIMOTO,JPN,1995
2024/6/25,26,8,SHIN Yubin,KOR,1975
2024/6/25,26,9,Miu HIRANO,JPN,1643
2024/6/25,26,10,Bernadette SZOCS,ROU,1605
2024/6/25,26,11,Mima ITO,JPN,1600
2024/6/25,26,12,Adriana DIAZ,PUR,1520
2024/6/25,26,13,CHENG I-Ching,TPE,1462
2024/6/25,26,14,JEON Jihee,KOR,1242
2024/6/25,26,15,Xiaoxin YANG,MON,1210
2024/6/25,26,16,QIAN Tianyi,CHN,1193
2024/6/25,26,17,Nina MITTELHAM,GER,1192
2024/6/25,26,18,Prithika PAVADE,FRA,1102
2024/6/25,26,19,Miyuu KIHARA,JPN,1050
2024/6/25,26,20,Bruna TAKAHASHI,BRA,1022
2024/6/25,26,21,Jia Nan YUAN,FRA,1000
2024/6/25,26,22,Sofia POLCANOVA,AUT,989
2024/6/25,26,23,JOO Cheonhui,KOR,935
2024/6/25,26,24,Sreeja AKULA,IND,885
2024/6/25,26,25,Dina MESHREF,EGY,855
2024/6/25,26,26,KUAI Man,CHN,839
2024/6/25,26,27,Sakura MORI,JPN,839
2024/6/25,26,28,Miyu NAGASAKI,JPN,815
2024/6/25,26,29,Manika BATRA,IND,786
2024/6/25,26,30,Lily ZHANG,USA,750
2024/6/25,26,31,Hana GODA,EGY,713
2024/6/25,26,32,Yangzi LIU,AUS,684
2024/6/25,26,33,Linda BERGSTROM,SWE,673
2024/6/25,26,34,Ying HAN,GER,650
2024/6/25,26,35,KIM Nayeong,KOR,630
2024/6/25,26,36,Orawan PARANANG,THA,625
2024/6/25,26,37,Amy WANG,USA,620
2024/6/25,26,38,SUH Hyo Won,KOR,620
2024/6/25,26,39,Xiaona SHAN,GER,604
2024/6/25,26,40,LEE Eunhye,KOR,565
2024/6/25,26,41,HE Zhuojia,CHN,559
2024/6/25,26,42,Elizabeta SAMARA,ROU,545
2024/6/25,26,43,SHI Xunyao,CHN,535
2024/6/25,26,44,CHIEN Tung-Chuan,TPE,495
2024/6/25,26,45,DOO Hoi Kem,HKG,491
2024/6/25,26,46,Natalia BAJOR,POL,489
2024/6/25,26,47,Mo ZHANG,CAN,480
2024/6/25,26,48,CHEN Szu-Yu,TPE,480
2024/6/25,26,49,LIU Hsing-Yin,TPE,475
2024/6/25,26,50,HUANG Yi-Hua,TPE,472
2024/7/2,27,1,SUN Yingsha,CHN,8200
2024/7/2,27,2,WANG Manyu,CHN,6315
2024/7/2,27,3,WANG Yidi,CHN,5410
2024/7/2,27,4,CHEN Meng,CHN,5360
2024/7/2,27,5,Hina HAYATA,JPN,3600
2024/7/2,27,6,CHEN Xingtong,CHN,2490
2024/7/2,27,7,Miwa HARIMOTO,JPN,2255
2024/7/2,27,8,SHIN Yubin,KOR,1975
2024/7/2,27,9,Bernadette SZOCS,ROU,1605
2024/7/2,27,10,Mima ITO,JPN,1600
2024/7/2,27,11,Adriana DIAZ,PUR,1520
2024/7/2,27,12,CHENG I-Ching,TPE,1462
2024/7/2,27,13,Miu HIRANO,JPN,1333
2024/7/2,27,14,JEON Jihee,KOR,1242
2024/7/2,27,15,Xiaoxin YANG,MON,1210
2024/7/2,27,16,Nina MITTELHAM,GER,1192
2024/7/2,27,17,QIAN Tianyi,CHN,1189
2024/7/2,27,18,Prithika PAVADE,FRA,1102
2024/7/2,27,19,Miyuu KIHARA,JPN,1050
2024/7/2,27,20,Jia Nan YUAN,FRA,1015
2024/7/2,27,21,Bruna TAKAHASHI,BRA,1007
2024/7/2,27,22,JOO Cheonhui,KOR,1005
2024/7/2,27,23,Sofia POLCANOVA,AUT,989
2024/7/2,27,24,Miyu NAGASAKI,JPN,930
2024/7/2,27,25,Sreeja AKULA,IND,885
2024/7/2,27,26,Dina MESHREF,EGY,855
2024/7/2,27,27,Sakura MORI,JPN,824
2024/7/2,27,28,Manika BATRA,IND,786
2024/7/2,27,29,Lily ZHANG,USA,750
2024/7/2,27,30,Satsuki ODO,JPN,713
2024/7/2,27,31,Hana GODA,EGY,713
2024/7/2,27,32,KUAI Man,CHN,699
2024/7/2,27,33,Yangzi LIU,AUS,684
2024/7/2,27,34,Linda BERGSTROM,SWE,673
2024/7/2,27,35,Ying HAN,GER,650
2024/7/2,27,36,KIM Nayeong,KOR,630
2024/7/2,27,37,Orawan PARANANG,THA,625
2024/7/2,27,38,Amy WANG,USA,610
2024/7/2,27,39,SUH Hyo Won,KOR,605
2024/7/2,27,40,Xiaona SHAN,GER,604
2024/7/2,27,41,LEE Eunhye,KOR,565
2024/7/2,27,42,HE Zhuojia,CHN,555
2024/7/2,27,43,Elizabeta SAMARA,ROU,545
2024/7/2,27,44,SHI Xunyao,CHN,535
2024/7/2,27,45,CHIEN Tung-Chuan,TPE,495
2024/7/2,27,46,DOO Hoi Kem,HKG,491
2024/7/2,27,47,Natalia BAJOR,POL,489
2024/7/2,27,48,Mo ZHANG,CAN,480
2024/7/2,27,49,LIU Hsing-Yin,TPE,475
2024/7/2,27,50,HUANG Yi-Hua,TPE,472
2024/7/9,28,1,SUN Yingsha,CHN,8100
2024/7/9,28,2,WANG Manyu,CHN,6315
2024/7/9,28,3,WANG Yidi,CHN,5410
2024/7/9,28,4,CHEN Meng,CHN,5290
2024/7/9,28,5,Hina HAYATA,JPN,3600
2024/7/9,28,6,CHEN Xingtong,CHN,2490
2024/7/9,28,7,Miwa HARIMOTO,JPN,2255
2024/7/9,28,8,SHIN Yubin,KOR,2010
2024/7/9,28,9,Mima ITO,JPN,1990
2024/7/9,28,10,Bernadette SZOCS,ROU,1605
2024/7/9,28,11,Adriana DIAZ,PUR,1520
2024/7/9,28,12,CHENG I-Ching,TPE,1497
2024/7/9,28,13,Miu HIRANO,JPN,1333
2024/7/9,28,14,JEON Jihee,KOR,1270
2024/7/9,28,15,Xiaoxin YANG,MON,1260
2024/7/9,28,16,Nina MITTELHAM,GER,1207
2024/7/9,28,17,QIAN Tianyi,CHN,1189
2024/7/9,28,18,Prithika PAVADE,FRA,1102
2024/7/9,28,19,Jia Nan YUAN,FRA,1015
2024/7/9,28,20,Bruna TAKAHASHI,BRA,1007
2024/7/9,28,21,JOO Cheonhui,KOR,1005
2024/7/9,28,22,Miyuu KIHARA,JPN,1000
2024/7/9,28,23,Sofia POLCANOVA,AUT,989
2024/7/9,28,24,Miyu NAGASAKI,JPN,930
2024/7/9,28,25,Sreeja AKULA,IND,885
2024/7/9,28,26,Dina MESHREF,EGY,855
2024/7/9,28,27,SUH Hyo Won,KOR,780
2024/7/9,28,28,Manika BATRA,IND,766
2024/7/9,28,29,Lily ZHANG,USA,750
2024/7/9,28,30,Sakura MORI,JPN,749
2024/7/9,28,31,Satsuki ODO,JPN,713
2024/7/9,28,32,Hana GODA,EGY,713
2024/7/9,28,33,Yangzi LIU,AUS,684
2024/7/9,28,34,Linda BERGSTROM,SWE,673
2024/7/9,28,35,Ying HAN,GER,650
2024/7/9,28,36,Orawan PARANANG,THA,640
2024/7/9,28,37,KIM Nayeong,KOR,630
2024/7/9,28,38,Amy WANG,USA,610
2024/7/9,28,39,KUAI Man,CHN,594
2024/7/9,28,40,Xiaona SHAN,GER,594
2024/7/9,28,41,Honoka HASHIMOTO,JPN,570
2024/7/9,28,42,LEE Eunhye,KOR,565
2024/7/9,28,43,Elizabeta SAMARA,ROU,545
2024/7/9,28,44,SHI Xunyao,CHN,535
2024/7/9,28,45,HE Zhuojia,CHN,500
2024/7/9,28,46,CHIEN Tung-Chuan,TPE,495
2024/7/9,28,47,DOO Hoi Kem,HKG,491
2024/7/9,28,48,Natalia BAJOR,POL,489
2024/7/9,28,49,Mo ZHANG,CAN,480
2024/7/9,28,50,HUANG Yi-Hua,TPE,462
2024/7/16,29,1,SUN Yingsha,CHN,8100
2024/7/16,29,2,WANG Manyu,CHN,6315
2024/7/16,29,3,WANG Yidi,CHN,5410
2024/7/16,29,4,CHEN Meng,CHN,5290
2024/7/16,29,5,Hina HAYATA,JPN,3600
2024/7/16,29,6,CHEN Xingtong,CHN,2490
2024/7/16,29,7,Miwa HARIMOTO,JPN,2255
2024/7/16,29,8,SHIN Yubin,KOR,2010
2024/7/16,29,9,Mima ITO,JPN,1990
2024/7/16,29,10,Bernadette SZOCS,ROU,1605
2024/7/16,29,11,Adriana DIAZ,PUR,1520
2024/7/16,29,12,CHENG I-Ching,TPE,1497
2024/7/16,29,13,Miu HIRANO,JPN,1333
2024/7/16,29,14,JEON Jihee,KOR,1270
2024/7/16,29,15,Xiaoxin YANG,MON,1260
2024/7/16,29,16,Nina MITTELHAM,GER,1207
2024/7/16,29,17,QIAN Tianyi,CHN,1189
2024/7/16,29,18,Prithika PAVADE,FRA,1102
2024/7/16,29,19,Jia Nan YUAN,FRA,1015
2024/7/16,29,20,Bruna TAKAHASHI,BRA,1007
2024/7/16,29,21,JOO Cheonhui,KOR,1005
2024/7/16,29,22,Miyuu KIHARA,JPN,1000
2024/7/16,29,23,Sofia POLCANOVA,AUT,989
2024/7/16,29,24,Miyu NAGASAKI,JPN,930
2024/7/16,29,25,Sreeja AKULA,IND,885
2024/7/16,29,26,Dina MESHREF,EGY,855
2024/7/16,29,27,SUH Hyo Won,KOR,780
2024/7/16,29,28,Manika BATRA,IND,766
2024/7/16,29,29,Lily ZHANG,USA,750
2024/7/16,29,30,Sakura MORI,JPN,749
2024/7/16,29,31,Satsuki ODO,JPN,713
2024/7/16,29,32,Hana GODA,EGY,713
2024/7/16,29,33,Yangzi LIU,AUS,684
2024/7/16,29,34,Linda BERGSTROM,SWE,673
2024/7/16,29,35,Ying HAN,GER,650
2024/7/16,29,36,Orawan PARANANG,THA,640
2024/7/16,29,37,KIM Nayeong,KOR,630
2024/7/16,29,38,Amy WANG,USA,610
2024/7/16,29,39,KUAI Man,CHN,594
2024/7/16,29,40,Xiaona SHAN,GER,594
2024/7/16,29,41,Honoka HASHIMOTO,JPN,570
2024/7/16,29,42,LEE Eunhye,KOR,565
2024/7/16,29,43,Elizabeta SAMARA,ROU,545
2024/7/16,29,44,SHI Xunyao,CHN,535
2024/7/16,29,45,HE Zhuojia,CHN,500
2024/7/16,29,46,CHIEN Tung-Chuan,TPE,495
2024/7/16,29,47,DOO Hoi Kem,HKG,491
2024/7/16,29,48,Natalia BAJOR,POL,489
2024/7/16,29,49,Mo ZHANG,CAN,480
2024/7/16,29,50,HUANG Yi-Hua,TPE,462
2024/7/23,30,1,SUN Yingsha,CHN,8100
2024/7/23,30,2,WANG Manyu,CHN,6315
2024/7/23,30,3,WANG Yidi,CHN,5410
2024/7/23,30,4,CHEN Meng,CHN,5290
2024/7/23,30,5,Hina HAYATA,JPN,3600
2024/7/23,30,6,CHEN Xingtong,CHN,2490
2024/7/23,30,7,Miwa HARIMOTO,JPN,2255
2024/7/23,30,8,SHIN Yubin,KOR,2010
2024/7/23,30,9,Mima ITO,JPN,1990
2024/7/23,30,10,Bernadette SZOCS,ROU,1605
2024/7/23,30,11,Adriana DIAZ,PUR,1520
2024/7/23,30,12,CHENG I-Ching,TPE,1497
2024/7/23,30,13,Miu HIRANO,JPN,1333
2024/7/23,30,14,JEON Jihee,KOR,1270
2024/7/23,30,15,Xiaoxin YANG,MON,1260
2024/7/23,30,16,Nina MITTELHAM,GER,1207
2024/7/23,30,17,QIAN Tianyi,CHN,1189
2024/7/23,30,18,Prithika PAVADE,FRA,1102
2024/7/23,30,19,Jia Nan YUAN,FRA,1015
2024/7/23,30,20,Bruna TAKAHASHI,BRA,1007
2024/7/23,30,21,JOO Cheonhui,KOR,1005
2024/7/23,30,22,Miyuu KIHARA,JPN,1000
2024/7/23,30,23,Sofia POLCANOVA,AUT,989
2024/7/23,30,24,Miyu NAGASAKI,JPN,930
2024/7/23,30,25,Sreeja AKULA,IND,885
2024/7/23,30,26,Dina MESHREF,EGY,855
2024/7/23,30,27,SUH Hyo Won,KOR,780
2024/7/23,30,28,Manika BATRA,IND,766
2024/7/23,30,29,Lily ZHANG,USA,750
2024/7/23,30,30,Sakura MORI,JPN,749
2024/7/23,30,31,Satsuki ODO,JPN,713
2024/7/23,30,32,Hana GODA,EGY,713
2024/7/23,30,33,Yangzi LIU,AUS,684
2024/7/23,30,34,Linda BERGSTROM,SWE,673
2024/7/23,30,35,Ying HAN,GER,650
2024/7/23,30,36,Orawan PARANANG,THA,640
2024/7/23,30,37,KIM Nayeong,KOR,630
2024/7/23,30,38,Amy WANG,USA,610
2024/7/23,30,39,KUAI Man,CHN,594
2024/7/23,30,40,Xiaona SHAN,GER,594
2024/7/23,30,41,Honoka HASHIMOTO,JPN,570
2024/7/23,30,42,LEE Eunhye,KOR,565
2024/7/23,30,43,Elizabeta SAMARA,ROU,545
2024/7/23,30,44,SHI Xunyao,CHN,535
2024/7/23,30,45,HE Zhuojia,CHN,500
2024/7/23,30,46,CHIEN Tung-Chuan,TPE,495
2024/7/23,30,47,DOO Hoi Kem,HKG,491
2024/7/23,30,48,Natalia BAJOR,POL,489
2024/7/23,30,49,Mo ZHANG,CAN,480
2024/7/23,30,50,HUANG Yi-Hua,TPE,462
2024/7/30,31,1,SUN Yingsha,CHN,8100
2024/7/30,31,2,WANG Manyu,CHN,6315
2024/7/30,31,3,WANG Yidi,CHN,5410
2024/7/30,31,4,CHEN Meng,CHN,5290
2024/7/30,31,5,Hina HAYATA,JPN,3600
2024/7/30,31,6,CHEN Xingtong,CHN,2490
2024/7/30,31,7,Miwa HARIMOTO,JPN,2255
2024/7/30,31,8,SHIN Yubin,KOR,2010
2024/7/30,31,9,Mima ITO,JPN,1990
2024/7/30,31,10,Bernadette SZOCS,ROU,1605
2024/7/30,31,11,Adriana DIAZ,PUR,1520
2024/7/30,31,12,CHENG I-Ching,TPE,1497
2024/7/30,31,13,Miu HIRANO,JPN,1333
2024/7/30,31,14,JEON Jihee,KOR,1270
2024/7/30,31,15,Xiaoxin YANG,MON,1260
2024/7/30,31,16,Nina MITTELHAM,GER,1207
2024/7/30,31,17,QIAN Tianyi,CHN,1189
2024/7/30,31,18,Prithika PAVADE,FRA,1102
2024/7/30,31,19,Jia Nan YUAN,FRA,1015
2024/7/30,31,20,Bruna TAKAHASHI,BRA,1007
2024/7/30,31,21,JOO Cheonhui,KOR,1005
2024/7/30,31,22,Miyuu KIHARA,JPN,1000
2024/7/30,31,23,Sofia POLCANOVA,AUT,989
2024/7/30,31,24,Miyu NAGASAKI,JPN,930
2024/7/30,31,25,Sreeja AKULA,IND,885
2024/7/30,31,26,Dina MESHREF,EGY,855
2024/7/30,31,27,SUH Hyo Won,KOR,780
2024/7/30,31,28,Manika BATRA,IND,766
2024/7/30,31,29,Lily ZHANG,USA,750
2024/7/30,31,30,Sakura MORI,JPN,749
2024/7/30,31,31,Satsuki ODO,JPN,713
2024/7/30,31,32,Hana GODA,EGY,713
2024/7/30,31,33,Yangzi LIU,AUS,684
2024/7/30,31,34,Linda BERGSTROM,SWE,673
2024/7/30,31,35,Ying HAN,GER,650
2024/7/30,31,36,Orawan PARANANG,THA,640
2024/7/30,31,37,KIM Nayeong,KOR,630
2024/7/30,31,38,Amy WANG,USA,610
2024/7/30,31,39,KUAI Man,CHN,594
2024/7/30,31,40,Xiaona SHAN,GER,594
2024/7/30,31,41,Honoka HASHIMOTO,JPN,570
2024/7/30,31,42,LEE Eunhye,KOR,565
2024/7/30,31,43,Elizabeta SAMARA,ROU,545
2024/7/30,31,44,SHI Xunyao,CHN,520
2024/7/30,31,45,HE Zhuojia,CHN,500
2024/7/30,31,46,CHIEN Tung-Chuan,TPE,495
2024/7/30,31,47,DOO Hoi Kem,HKG,491
2024/7/30,31,48,Natalia BAJOR,POL,489
2024/7/30,31,49,Mo ZHANG,CAN,480
2024/7/30,31,50,HUANG Yi-Hua,TPE,462
2024/8/6,32,1,SUN Yingsha,CHN,9000
2024/8/6,32,2,CHEN Meng,CHN,6940
2024/8/6,32,3,WANG Manyu,CHN,6315
2024/8/6,32,4,WANG Yidi,CHN,5410
2024/8/6,32,5,Hina HAYATA,JPN,3950
2024/8/6,32,6,CHEN Xingtong,CHN,2490
2024/8/6,32,7,SHIN Yubin,KOR,2310
2024/8/6,32,8,Miwa HARIMOTO,JPN,2255
2024/8/6,32,9,Mima ITO,JPN,1990
2024/8/6,32,10,CHENG I-Ching,TPE,1765
2024/8/6,32,11,Adriana DIAZ,PUR,1605
2024/8/6,32,12,Miu HIRANO,JPN,1593
2024/8/6,32,13,Bernadette SZOCS,ROU,1500
2024/8/6,32,14,Sofia POLCANOVA,AUT,1324
2024/8/6,32,15,JEON Jihee,KOR,1270
2024/8/6,32,16,Xiaoxin YANG,MON,1260
2024/8/6,32,17,Nina MITTELHAM,GER,1242
2024/8/6,32,18,QIAN Tianyi,CHN,1189
2024/8/6,32,19,Jia Nan YUAN,FRA,1155
2024/8/6,32,20,Prithika PAVADE,FRA,1122
2024/8/6,32,21,Bruna TAKAHASHI,BRA,1062
2024/8/6,32,22,Sreeja AKULA,IND,1040
2024/8/6,32,23,JOO Cheonhui,KOR,1005
2024/8/6,32,24,Dina MESHREF,EGY,930
2024/8/6,32,25,Manika BATRA,IND,906
2024/8/6,32,26,Miyuu KIHARA,JPN,905
2024/8/6,32,27,Lily ZHANG,USA,890
2024/8/6,32,28,Miyu NAGASAKI,JPN,885
2024/8/6,32,29,SUH Hyo Won,KOR,780
2024/8/6,32,30,Sakura MORI,JPN,749
2024/8/6,32,31,Hana GODA,EGY,738
2024/8/6,32,32,Linda BERGSTROM,SWE,728
2024/8/6,32,33,Satsuki ODO,JPN,713
2024/8/6,32,34,Amy WANG,USA,700
2024/8/6,32,35,Yangzi LIU,AUS,684
2024/8/6,32,36,Ying HAN,GER,650
2024/8/6,32,37,Natalia BAJOR,POL,649
2024/8/6,32,38,Orawan PARANANG,THA,640
2024/8/6,32,39,KIM Nayeong,KOR,630
2024/8/6,32,40,Xiaona SHAN,GER,624
2024/8/6,32,41,Elizabeta SAMARA,ROU,610
2024/8/6,32,42,KUAI Man,CHN,594
2024/8/6,32,43,Honoka HASHIMOTO,JPN,570
2024/8/6,32,44,LEE Eunhye,KOR,560
2024/8/6,32,45,Mo ZHANG,CAN,555
2024/8/6,32,46,Jieni SHAO,POR,525
2024/8/6,32,47,CHIEN Tung-Chuan,TPE,525
2024/8/6,32,48,SHI Xunyao,CHN,520
2024/8/6,32,49,DOO Hoi Kem,HKG,511
2024/8/6,32,50,ZENG Jian,SGP,510
2024/8/13,33,1,SUN Yingsha,CHN,9000
2024/8/13,33,2,CHEN Meng,CHN,6940
2024/8/13,33,3,WANG Manyu,CHN,6315
2024/8/13,33,4,WANG Yidi,CHN,5410
2024/8/13,33,5,Hina HAYATA,JPN,3900
2024/8/13,33,6,CHEN Xingtong,CHN,2490
2024/8/13,33,7,SHIN Yubin,KOR,2310
2024/8/13,33,8,Miwa HARIMOTO,JPN,2255
2024/8/13,33,9,Mima ITO,JPN,1990
2024/8/13,33,10,CHENG I-Ching,TPE,1765
2024/8/13,33,11,Adriana DIAZ,PUR,1605
2024/8/13,33,12,Miu HIRANO,JPN,1593
2024/8/13,33,13,Bernadette SZOCS,ROU,1442
2024/8/13,33,14,Sofia POLCANOVA,AUT,1324
2024/8/13,33,15,JEON Jihee,KOR,1270
2024/8/13,33,16,Xiaoxin YANG,MON,1260
2024/8/13,33,17,Nina MITTELHAM,GER,1242
2024/8/13,33,18,QIAN Tianyi,CHN,1189
2024/8/13,33,19,Jia Nan YUAN,FRA,1155
2024/8/13,33,20,Prithika PAVADE,FRA,1122
2024/8/13,33,21,Sreeja AKULA,IND,1040
2024/8/13,33,22,JOO Cheonhui,KOR,1005
2024/8/13,33,23,Bruna TAKAHASHI,BRA,942
2024/8/13,33,24,Dina MESHREF,EGY,930
2024/8/13,33,25,Manika BATRA,IND,906
2024/8/13,33,26,Miyuu KIHARA,JPN,905
2024/8/13,33,27,Lily ZHANG,USA,890
2024/8/13,33,28,Miyu NAGASAKI,JPN,885
2024/8/13,33,29,SUH Hyo Won,KOR,780
2024/8/13,33,30,Sakura MORI,JPN,749
2024/8/13,33,31,Hana GODA,EGY,738
2024/8/13,33,32,Satsuki ODO,JPN,713
2024/8/13,33,33,Amy WANG,USA,700
2024/8/13,33,34,Yangzi LIU,AUS,684
2024/8/13,33,35,Ying HAN,GER,650
2024/8/13,33,36,Natalia BAJOR,POL,649
2024/8/13,33,37,Orawan PARANANG,THA,640
2024/8/13,33,38,Xiaona SHAN,GER,624
2024/8/13,33,39,Elizabeta SAMARA,ROU,610
2024/8/13,33,40,KUAI Man,CHN,594
2024/8/13,33,41,Honoka HASHIMOTO,JPN,570
2024/8/13,33,42,KIM Nayeong,KOR,570
2024/8/13,33,43,Mo ZHANG,CAN,555
2024/8/13,33,44,Jieni SHAO,POR,525
2024/8/13,33,45,CHIEN Tung-Chuan,TPE,525
2024/8/13,33,46,SHI Xunyao,CHN,520
2024/8/13,33,47,DOO Hoi Kem,HKG,511
2024/8/13,33,48,ZENG Jian,SGP,510
2024/8/13,33,49,HE Zhuojia,CHN,500
2024/8/13,33,50,LEE Eunhye,KOR,500
2024/8/20,34,1,SUN Yingsha,CHN,9000
2024/8/20,34,2,CHEN Meng,CHN,6940
2024/8/20,34,3,WANG Manyu,CHN,6315
2024/8/20,34,4,WANG Yidi,CHN,5410
2024/8/20,34,5,Hina HAYATA,JPN,3900
2024/8/20,34,6,CHEN Xingtong,CHN,2490
2024/8/20,34,7,SHIN Yubin,KOR,2310
2024/8/20,34,8,Miwa HARIMOTO,JPN,2255
2024/8/20,34,9,Mima ITO,JPN,1990
2024/8/20,34,10,CHENG I-Ching,TPE,1765
2024/8/20,34,11,Adriana DIAZ,PUR,1605
2024/8/20,34,12,Miu HIRANO,JPN,1593
2024/8/20,34,13,Bernadette SZOCS,ROU,1442
2024/8/20,34,14,Sofia POLCANOVA,AUT,1324
2024/8/20,34,15,JEON Jihee,KOR,1270
2024/8/20,34,16,Xiaoxin YANG,MON,1260
2024/8/20,34,17,Nina MITTELHAM,GER,1242
2024/8/20,34,18,QIAN Tianyi,CHN,1189
2024/8/20,34,19,Jia Nan YUAN,FRA,1155
2024/8/20,34,20,Prithika PAVADE,FRA,1122
2024/8/20,34,21,Sreeja AKULA,IND,1040
2024/8/20,34,22,JOO Cheonhui,KOR,1005
2024/8/20,34,23,Bruna TAKAHASHI,BRA,942
2024/8/20,34,24,Dina MESHREF,EGY,930
2024/8/20,34,25,Manika BATRA,IND,906
2024/8/20,34,26,Miyuu KIHARA,JPN,905
2024/8/20,34,27,Lily ZHANG,USA,890
2024/8/20,34,28,Miyu NAGASAKI,JPN,885
2024/8/20,34,29,SUH Hyo Won,KOR,780
2024/8/20,34,30,Sakura MORI,JPN,749
2024/8/20,34,31,Hana GODA,EGY,738
2024/8/20,34,32,Satsuki ODO,JPN,713
2024/8/20,34,33,Amy WANG,USA,700
2024/8/20,34,34,Yangzi LIU,AUS,684
2024/8/20,34,35,Ying HAN,GER,650
2024/8/20,34,36,Natalia BAJOR,POL,649
2024/8/20,34,37,Orawan PARANANG,THA,640
2024/8/20,34,38,Xiaona SHAN,GER,624
2024/8/20,34,39,Elizabeta SAMARA,ROU,610
2024/8/20,34,40,KUAI Man,CHN,594
2024/8/20,34,41,Honoka HASHIMOTO,JPN,570
2024/8/20,34,42,KIM Nayeong,KOR,570
2024/8/20,34,43,Mo ZHANG,CAN,555
2024/8/20,34,44,Jieni SHAO,POR,525
2024/8/20,34,45,CHIEN Tung-Chuan,TPE,525
2024/8/20,34,46,SHI Xunyao,CHN,520
2024/8/20,34,47,DOO Hoi Kem,HKG,511
2024/8/20,34,48,ZENG Jian,SGP,510
2024/8/20,34,49,HE Zhuojia,CHN,500
2024/8/20,34,50,LEE Eunhye,KOR,500
2024/8/27,35,1,SUN Yingsha,CHN,9000
2024/8/27,35,2,CHEN Meng,CHN,6940
2024/8/27,35,3,WANG Manyu,CHN,6315
2024/8/27,35,4,WANG Yidi,CHN,5410
2024/8/27,35,5,Hina HAYATA,JPN,3900
2024/8/27,35,6,CHEN Xingtong,CHN,2490
2024/8/27,35,7,SHIN Yubin,KOR,2310
2024/8/27,35,8,Miwa HARIMOTO,JPN,2255
2024/8/27,35,9,Mima ITO,JPN,1990
2024/8/27,35,10,CHENG I-Ching,TPE,1765
2024/8/27,35,11,Adriana DIAZ,PUR,1605
2024/8/27,35,12,Miu HIRANO,JPN,1593
2024/8/27,35,13,Bernadette SZOCS,ROU,1442
2024/8/27,35,14,Sofia POLCANOVA,AUT,1324
2024/8/27,35,15,Xiaoxin YANG,MON,1310
2024/8/27,35,16,JEON Jihee,KOR,1270
2024/8/27,35,17,Nina MITTELHAM,GER,1242
2024/8/27,35,18,QIAN Tianyi,CHN,1189
2024/8/27,35,19,Jia Nan YUAN,FRA,1155
2024/8/27,35,20,Prithika PAVADE,FRA,1122
2024/8/27,35,21,Satsuki ODO,JPN,1113
2024/8/27,35,22,Sreeja AKULA,IND,1040
2024/8/27,35,23,JOO Cheonhui,KOR,1005
2024/8/27,35,24,Bruna TAKAHASHI,BRA,942
2024/8/27,35,25,Dina MESHREF,EGY,930
2024/8/27,35,26,Manika BATRA,IND,906
2024/8/27,35,27,Miyuu KIHARA,JPN,905
2024/8/27,35,28,Lily ZHANG,USA,890
2024/8/27,35,29,Miyu NAGASAKI,JPN,885
2024/8/27,35,30,SUH Hyo Won,KOR,780
2024/8/27,35,31,Sakura MORI,JPN,749
2024/8/27,35,32,Hana GODA,EGY,738
2024/8/27,35,33,HUANG Yi-Hua,TPE,719
2024/8/27,35,34,Amy WANG,USA,700
2024/8/27,35,35,Honoka HASHIMOTO,JPN,695
2024/8/27,35,36,Yangzi LIU,AUS,684
2024/8/27,35,37,Ying HAN,GER,650
2024/8/27,35,38,Natalia BAJOR,POL,649
2024/8/27,35,39,Orawan PARANANG,THA,640
2024/8/27,35,40,Xiaona SHAN,GER,624
2024/8/27,35,41,Elizabeta SAMARA,ROU,610
2024/8/27,35,42,KUAI Man,CHN,594
2024/8/27,35,43,KIM Nayeong,KOR,570
2024/8/27,35,44,Mo ZHANG,CAN,555
2024/8/27,35,45,Britt EERLAND,NED,528
2024/8/27,35,46,Jieni SHAO,POR,525
2024/8/27,35,47,CHIEN Tung-Chuan,TPE,525
2024/8/27,35,48,SHI Xunyao,CHN,520
2024/8/27,35,49,DOO Hoi Kem,HKG,511
2024/8/27,35,50,ZENG Jian,SGP,510
2024/9/3,36,1,SUN Yingsha,CHN,9000
2024/9/3,36,2,CHEN Meng,CHN,6940
2024/9/3,36,3,WANG Manyu,CHN,6315
2024/9/3,36,4,WANG Yidi,CHN,5410
2024/9/3,36,5,Hina HAYATA,JPN,3900
2024/9/3,36,6,CHEN Xingtong,CHN,2490
2024/9/3,36,7,SHIN Yubin,KOR,2310
2024/9/3,36,8,Miwa HARIMOTO,JPN,2255
2024/9/3,36,9,Mima ITO,JPN,1990
2024/9/3,36,10,CHENG I-Ching,TPE,1765
2024/9/3,36,11,Adriana DIAZ,PUR,1605
2024/9/3,36,12,Miu HIRANO,JPN,1593
2024/9/3,36,13,Bernadette SZOCS,ROU,1442
2024/9/3,36,14,Sofia POLCANOVA,AUT,1324
2024/9/3,36,15,Xiaoxin YANG,MON,1310
2024/9/3,36,16,JEON Jihee,KOR,1270
2024/9/3,36,17,QIAN Tianyi,CHN,1189
2024/9/3,36,18,Nina MITTELHAM,GER,1157
2024/9/3,36,19,Prithika PAVADE,FRA,1122
2024/9/3,36,20,Jia Nan YUAN,FRA,1120
2024/9/3,36,21,Satsuki ODO,JPN,1113
2024/9/3,36,22,Sreeja AKULA,IND,1040
2024/9/3,36,23,JOO Cheonhui,KOR,1005
2024/9/3,36,24,Bruna TAKAHASHI,BRA,942
2024/9/3,36,25,Dina MESHREF,EGY,930
2024/9/3,36,26,Manika BATRA,IND,906
2024/9/3,36,27,Miyuu KIHARA,JPN,905
2024/9/3,36,28,Lily ZHANG,USA,890
2024/9/3,36,29,Miyu NAGASAKI,JPN,885
2024/9/3,36,30,SUH Hyo Won,KOR,780
2024/9/3,36,31,Sakura MORI,JPN,749
2024/9/3,36,32,Hana GODA,EGY,738
2024/9/3,36,33,HUANG Yi-Hua,TPE,710
2024/9/3,36,34,Amy WANG,USA,700
2024/9/3,36,35,Honoka HASHIMOTO,JPN,695
2024/9/3,36,36,Yangzi LIU,AUS,684
2024/9/3,36,37,Ying HAN,GER,650
2024/9/3,36,38,Natalia BAJOR,POL,649
2024/9/3,36,39,Orawan PARANANG,THA,640
2024/9/3,36,40,Xiaona SHAN,GER,624
2024/9/3,36,41,Elizabeta SAMARA,ROU,600
2024/9/3,36,42,KIM Nayeong,KOR,570
2024/9/3,36,43,Mo ZHANG,CAN,555
2024/9/3,36,44,Britt EERLAND,NED,528
2024/9/3,36,45,Jieni SHAO,POR,525
2024/9/3,36,46,CHIEN Tung-Chuan,TPE,525
2024/9/3,36,47,DOO Hoi Kem,HKG,511
2024/9/3,36,48,ZENG Jian,SGP,510
2024/9/3,36,49,LEE Eunhye,KOR,500
2024/9/3,36,50,Linda BERGSTROM,SWE,473
2024/9/10,37,1,SUN Yingsha,CHN,9000
2024/9/10,37,2,CHEN Meng,CHN,6940
2024/9/10,37,3,WANG Manyu,CHN,6315
2024/9/10,37,4,WANG Yidi,CHN,5410
2024/9/10,37,5,Hina HAYATA,JPN,3900
2024/9/10,37,6,CHEN Xingtong,CHN,2490
2024/9/10,37,7,SHIN Yubin,KOR,2310
2024/9/10,37,8,Miwa HARIMOTO,JPN,2255
2024/9/10,37,9,Mima ITO,JPN,1990
2024/9/10,37,10,CHENG I-Ching,TPE,1765
2024/9/10,37,11,Adriana DIAZ,PUR,1605
2024/9/10,37,12,Miu HIRANO,JPN,1593
2024/9/10,37,13,Bernadette SZOCS,ROU,1442
2024/9/10,37,14,Sofia POLCANOVA,AUT,1324
2024/9/10,37,15,Xiaoxin YANG,MON,1310
2024/9/10,37,16,JEON Jihee,KOR,1270
2024/9/10,37,17,QIAN Tianyi,CHN,1224
2024/9/10,37,18,Nina MITTELHAM,GER,1157
2024/9/10,37,19,Prithika PAVADE,FRA,1122
2024/9/10,37,20,Jia Nan YUAN,FRA,1120
2024/9/10,37,21,Satsuki ODO,JPN,1117
2024/9/10,37,22,Sreeja AKULA,IND,1040
2024/9/10,37,23,JOO Cheonhui,KOR,1005
2024/9/10,37,24,Miyu NAGASAKI,JPN,1000
2024/9/10,37,25,Bruna TAKAHASHI,BRA,942
2024/9/10,37,26,Dina MESHREF,EGY,930
2024/9/10,37,27,Manika BATRA,IND,906
2024/9/10,37,28,Miyuu KIHARA,JPN,905
2024/9/10,37,29,Lily ZHANG,USA,890
2024/9/10,37,30,SUH Hyo Won,KOR,780
2024/9/10,37,31,SHI Xunyao,CHN,765
2024/9/10,37,32,Hana GODA,EGY,738
2024/9/10,37,33,HUANG Yi-Hua,TPE,710
2024/9/10,37,34,Amy WANG,USA,700
2024/9/10,37,35,Honoka HASHIMOTO,JPN,695
2024/9/10,37,36,Yangzi LIU,AUS,684
2024/9/10,37,37,Ying HAN,GER,650
2024/9/10,37,38,Natalia BAJOR,POL,649
2024/9/10,37,39,Orawan PARANANG,THA,640
2024/9/10,37,40,Sakura MORI,JPN,624
2024/9/10,37,41,Xiaona SHAN,GER,624
2024/9/10,37,42,Elizabeta SAMARA,ROU,600
2024/9/10,37,43,Britt EERLAND,NED,583
2024/9/10,37,44,KIM Nayeong,KOR,580
2024/9/10,37,45,Mo ZHANG,CAN,555
2024/9/10,37,46,Jieni SHAO,POR,525
2024/9/10,37,47,CHIEN Tung-Chuan,TPE,525
2024/9/10,37,48,DOO Hoi Kem,HKG,511
2024/9/10,37,49,ZENG Jian,SGP,510
2024/9/10,37,50,LEE Eunhye,KOR,500
2024/9/17,38,1,SUN Yingsha,CHN,9400
2024/9/17,38,2,CHEN Meng,CHN,6590
2024/9/17,38,3,WANG Manyu,CHN,6400
2024/9/17,38,4,WANG Yidi,CHN,5830
2024/9/17,38,5,Hina HAYATA,JPN,3900
2024/9/17,38,6,CHEN Xingtong,CHN,2535
2024/9/17,38,7,Miwa HARIMOTO,JPN,2465
2024/9/17,38,8,SHIN Yubin,KOR,2310
2024/9/17,38,9,Mima ITO,JPN,2010
2024/9/17,38,10,CHENG I-Ching,TPE,1850
2024/9/17,38,11,Adriana DIAZ,PUR,1605
2024/9/17,38,12,Miu HIRANO,JPN,1593
2024/9/17,38,13,Bernadette SZOCS,ROU,1442
2024/9/17,38,14,Sofia POLCANOVA,AUT,1324
2024/9/17,38,15,Xiaoxin YANG,MON,1310
2024/9/17,38,16,JEON Jihee,KOR,1270
2024/9/17,38,17,Satsuki ODO,JPN,1242
2024/9/17,38,18,QIAN Tianyi,CHN,1224
2024/9/17,38,19,Nina MITTELHAM,GER,1157
2024/9/17,38,20,Prithika PAVADE,FRA,1142
2024/9/17,38,21,Jia Nan YUAN,FRA,1120
2024/9/17,38,22,JOO Cheonhui,KOR,1090
2024/9/17,38,23,Sreeja AKULA,IND,1040
2024/9/17,38,24,Miyuu KIHARA,JPN,1035
2024/9/17,38,25,Bruna TAKAHASHI,BRA,1012
2024/9/17,38,26,Miyu NAGASAKI,JPN,1000
2024/9/17,38,27,Dina MESHREF,EGY,930
2024/9/17,38,28,Manika BATRA,IND,906
2024/9/17,38,29,Lily ZHANG,USA,890
2024/9/17,38,30,Honoka HASHIMOTO,JPN,785
2024/9/17,38,31,SUH Hyo Won,KOR,780
2024/9/17,38,32,SHI Xunyao,CHN,765
2024/9/17,38,33,Hana GODA,EGY,738
2024/9/17,38,34,HUANG Yi-Hua,TPE,710
2024/9/17,38,35,Yangzi LIU,AUS,695
2024/9/17,38,36,Orawan PARANANG,THA,685
2024/9/17,38,37,Ying HAN,GER,650
2024/9/17,38,38,Natalia BAJOR,POL,649
2024/9/17,38,39,KIM Nayeong,KOR,635
2024/9/17,38,40,Sakura MORI,JPN,624
2024/9/17,38,41,Xiaona SHAN,GER,624
2024/9/17,38,42,Elizabeta SAMARA,ROU,600
2024/9/17,38,43,Britt EERLAND,NED,583
2024/9/17,38,44,Mo ZHANG,CAN,555
2024/9/17,38,45,Amy WANG,USA,550
2024/9/17,38,46,Linda BERGSTROM,SWE,538
2024/9/17,38,47,Jieni SHAO,POR,525
2024/9/17,38,48,CHIEN Tung-Chuan,TPE,525
2024/9/17,38,49,DOO Hoi Kem,HKG,511
2024/9/17,38,50,Sakura YOKOI,JPN,510
2024/9/24,39,1,SUN Yingsha,CHN,9400
2024/9/24,39,2,CHEN Meng,CHN,6590
2024/9/24,39,3,WANG Manyu,CHN,6400
2024/9/24,39,4,WANG Yidi,CHN,5830
2024/9/24,39,5,Hina HAYATA,JPN,3900
2024/9/24,39,6,CHEN Xingtong,CHN,2535
2024/9/24,39,7,Miwa HARIMOTO,JPN,2465
2024/9/24,39,8,SHIN Yubin,KOR,2310
2024/9/24,39,9,Mima ITO,JPN,2010
2024/9/24,39,10,CHENG I-Ching,TPE,1850
2024/9/24,39,11,Adriana DIAZ,PUR,1605
2024/9/24,39,12,Miu HIRANO,JPN,1593
2024/9/24,39,13,Bernadette SZOCS,ROU,1442
2024/9/24,39,14,Sofia POLCANOVA,AUT,1324
2024/9/24,39,15,Xiaoxin YANG,MON,1310
2024/9/24,39,16,JEON Jihee,KOR,1270
2024/9/24,39,17,Satsuki ODO,JPN,1242
2024/9/24,39,18,QIAN Tianyi,CHN,1224
2024/9/24,39,19,Nina MITTELHAM,GER,1157
2024/9/24,39,20,Prithika PAVADE,FRA,1142
2024/9/24,39,21,Jia Nan YUAN,FRA,1120
2024/9/24,39,22,JOO Cheonhui,KOR,1090
2024/9/24,39,23,Sreeja AKULA,IND,1040
2024/9/24,39,24,Miyuu KIHARA,JPN,1035
2024/9/24,39,25,Bruna TAKAHASHI,BRA,1012
2024/9/24,39,26,Miyu NAGASAKI,JPN,1000
2024/9/24,39,27,Dina MESHREF,EGY,930
2024/9/24,39,28,Manika BATRA,IND,906
2024/9/24,39,29,Lily ZHANG,USA,890
2024/9/24,39,30,Honoka HASHIMOTO,JPN,785
2024/9/24,39,31,SUH Hyo Won,KOR,780
2024/9/24,39,32,SHI Xunyao,CHN,765
2024/9/24,39,33,Hana GODA,EGY,738
2024/9/24,39,34,HUANG Yi-Hua,TPE,710
2024/9/24,39,35,Yangzi LIU,AUS,695
2024/9/24,39,36,Orawan PARANANG,THA,685
2024/9/24,39,37,Ying HAN,GER,650
2024/9/24,39,38,Natalia BAJOR,POL,649
2024/9/24,39,39,KIM Nayeong,KOR,635
2024/9/24,39,40,Sakura MORI,JPN,624
2024/9/24,39,41,Xiaona SHAN,GER,624
2024/9/24,39,42,Elizabeta SAMARA,ROU,600
2024/9/24,39,43,Britt EERLAND,NED,583
2024/9/24,39,44,Mo ZHANG,CAN,555
2024/9/24,39,45,Amy WANG,USA,550
2024/9/24,39,46,Linda BERGSTROM,SWE,538
2024/9/24,39,47,Jieni SHAO,POR,525
2024/9/24,39,48,CHIEN Tung-Chuan,TPE,525
2024/9/24,39,49,DOO Hoi Kem,HKG,511
2024/9/24,39,50,Sakura YOKOI,JPN,510
2024/10/1,40,1,SUN Yingsha,CHN,9400
2024/10/1,40,2,CHEN Meng,CHN,6590
2024/10/1,40,3,WANG Manyu,CHN,6400
2024/10/1,40,4,WANG Yidi,CHN,5830
2024/10/1,40,5,Hina HAYATA,JPN,3900
2024/10/1,40,6,CHEN Xingtong,CHN,2535
2024/10/1,40,7,Miwa HARIMOTO,JPN,2465
2024/10/1,40,8,SHIN Yubin,KOR,2310
2024/10/1,40,9,Mima ITO,JPN,2010
2024/10/1,40,10,CHENG I-Ching,TPE,1850
2024/10/1,40,11,Adriana DIAZ,PUR,1605
2024/10/1,40,12,Miu HIRANO,JPN,1593
2024/10/1,40,13,Bernadette SZOCS,ROU,1442
2024/10/1,40,14,Sofia POLCANOVA,AUT,1324
2024/10/1,40,15,Xiaoxin YANG,MON,1310
2024/10/1,40,16,JEON Jihee,KOR,1270
2024/10/1,40,17,Satsuki ODO,JPN,1242
2024/10/1,40,18,QIAN Tianyi,CHN,1224
2024/10/1,40,19,Nina MITTELHAM,GER,1157
2024/10/1,40,20,Prithika PAVADE,FRA,1142
2024/10/1,40,21,Jia Nan YUAN,FRA,1120
2024/10/1,40,22,JOO Cheonhui,KOR,1090
2024/10/1,40,23,Sreeja AKULA,IND,1040
2024/10/1,40,24,Miyuu KIHARA,JPN,1035
2024/10/1,40,25,Bruna TAKAHASHI,BRA,1012
2024/10/1,40,26,Miyu NAGASAKI,JPN,1000
2024/10/1,40,27,Dina MESHREF,EGY,930
2024/10/1,40,28,Manika BATRA,IND,906
2024/10/1,40,29,Lily ZHANG,USA,890
2024/10/1,40,30,Honoka HASHIMOTO,JPN,785
2024/10/1,40,31,SUH Hyo Won,KOR,780
2024/10/1,40,32,SHI Xunyao,CHN,765
2024/10/1,40,33,Hana GODA,EGY,738
2024/10/1,40,34,HUANG Yi-Hua,TPE,710
2024/10/1,40,35,Yangzi LIU,AUS,695
2024/10/1,40,36,Orawan PARANANG,THA,685
2024/10/1,40,37,Ying HAN,GER,650
2024/10/1,40,38,Natalia BAJOR,POL,649
2024/10/1,40,39,KIM Nayeong,KOR,635
2024/10/1,40,40,Sakura MORI,JPN,624
2024/10/1,40,41,Xiaona SHAN,GER,624
2024/10/1,40,42,Elizabeta SAMARA,ROU,600
2024/10/1,40,43,Britt EERLAND,NED,583
2024/10/1,40,44,Mo ZHANG,CAN,555
2024/10/1,40,45,Amy WANG,USA,550
2024/10/1,40,46,Linda BERGSTROM,SWE,538
2024/10/1,40,47,Jieni SHAO,POR,525
2024/10/1,40,48,CHIEN Tung-Chuan,TPE,525
2024/10/1,40,49,DOO Hoi Kem,HKG,511
2024/10/1,40,50,Sakura YOKOI,JPN,510
2024/10/8,41,1,SUN Yingsha,CHN,10800
2024/10/8,41,2,WANG Manyu,CHN,7450
2024/10/8,41,3,CHEN Meng,CHN,6170
2024/10/8,41,4,WANG Yidi,CHN,5830
2024/10/8,41,5,Hina HAYATA,JPN,3900
2024/10/8,41,6,CHEN Xingtong,CHN,3025
2024/10/8,41,7,Miwa HARIMOTO,JPN,2465
2024/10/8,41,8,SHIN Yubin,KOR,2310
2024/10/8,41,9,Mima ITO,JPN,2270
2024/10/8,41,10,CHENG I-Ching,TPE,2110
2024/10/8,41,11,Adriana DIAZ,PUR,1605
2024/10/8,41,12,Miu HIRANO,JPN,1593
2024/10/8,41,13,Bernadette SZOCS,ROU,1442
2024/10/8,41,14,Sofia POLCANOVA,AUT,1389
2024/10/8,41,15,Xiaoxin YANG,MON,1310
2024/10/8,41,16,JEON Jihee,KOR,1270
2024/10/8,41,17,Satsuki ODO,JPN,1242
2024/10/8,41,18,Jia Nan YUAN,FRA,1175
2024/10/8,41,19,Bruna TAKAHASHI,BRA,1167
2024/10/8,41,20,Nina MITTELHAM,GER,1157
2024/10/8,41,21,Prithika PAVADE,FRA,1142
2024/10/8,41,22,QIAN Tianyi,CHN,1139
2024/10/8,41,23,SUH Hyo Won,KOR,1095
2024/10/8,41,24,JOO Cheonhui,KOR,1090
2024/10/8,41,25,Miyu NAGASAKI,JPN,1055
2024/10/8,41,26,Sreeja AKULA,IND,1040
2024/10/8,41,27,Miyuu KIHARA,JPN,975
2024/10/8,41,28,Dina MESHREF,EGY,930
2024/10/8,41,29,Manika BATRA,IND,906
2024/10/8,41,30,Lily ZHANG,USA,890
2024/10/8,41,31,Honoka HASHIMOTO,JPN,830
2024/10/8,41,32,HUANG Yi-Hua,TPE,790
2024/10/8,41,33,SHI Xunyao,CHN,785
2024/10/8,41,34,KIM Nayeong,KOR,775
2024/10/8,41,35,FAN Siqi,CHN,750
2024/10/8,41,36,Hana GODA,EGY,738
2024/10/8,41,37,Yangzi LIU,AUS,700
2024/10/8,41,38,Orawan PARANANG,THA,685
2024/10/8,41,39,Sakura MORI,JPN,674
2024/10/8,41,40,Britt EERLAND,NED,658
2024/10/8,41,41,HE Zhuojia,CHN,650
2024/10/8,41,42,Ying HAN,GER,650
2024/10/8,41,43,Natalia BAJOR,POL,649
2024/10/8,41,44,Xiaona SHAN,GER,624
2024/10/8,41,45,CHEN Yi,CHN,610
2024/10/8,41,46,Mo ZHANG,CAN,610
2024/10/8,41,47,Elizabeta SAMARA,ROU,600
2024/10/8,41,48,DOO Hoi Kem,HKG,566
2024/10/8,41,49,LEE Eunhye,KOR,565
2024/10/8,41,50,ZENG Jian,SGP,565
2024/10/15,42,1,SUN Yingsha,CHN,10800
2024/10/15,42,2,WANG Manyu,CHN,7300
2024/10/15,42,3,CHEN Meng,CHN,6170
2024/10/15,42,4,WANG Yidi,CHN,5830
2024/10/15,42,5,Hina HAYATA,JPN,3695
2024/10/15,42,6,CHEN Xingtong,CHN,2980
2024/10/15,42,7,Miwa HARIMOTO,JPN,2640
2024/10/15,42,8,Mima ITO,JPN,2355
2024/10/15,42,9,SHIN Yubin,KOR,2310
2024/10/15,42,10,CHENG I-Ching,TPE,2110
2024/10/15,42,11,Miu HIRANO,JPN,1593
2024/10/15,42,12,Bernadette SZOCS,ROU,1442
2024/10/15,42,13,Adriana DIAZ,PUR,1415
2024/10/15,42,14,Sofia POLCANOVA,AUT,1389
2024/10/15,42,15,Xiaoxin YANG,MON,1310
2024/10/15,42,16,Satsuki ODO,JPN,1283
2024/10/15,42,17,JEON Jihee,KOR,1270
2024/10/15,42,18,Jia Nan YUAN,FRA,1175
2024/10/15,42,19,Bruna TAKAHASHI,BRA,1167
2024/10/15,42,20,Prithika PAVADE,FRA,1142
2024/10/15,42,21,SUH Hyo Won,KOR,1140
2024/10/15,42,22,QIAN Tianyi,CHN,1139
2024/10/15,42,23,Nina MITTELHAM,GER,1127
2024/10/15,42,24,JOO Cheonhui,KOR,1090
2024/10/15,42,25,Sreeja AKULA,IND,1010
2024/10/15,42,26,Miyuu KIHARA,JPN,965
2024/10/15,42,27,Miyu NAGASAKI,JPN,950
2024/10/15,42,28,Dina MESHREF,EGY,930
2024/10/15,42,29,Lily ZHANG,USA,890
2024/10/15,42,30,Manika BATRA,IND,861
2024/10/15,42,31,Honoka HASHIMOTO,JPN,830
2024/10/15,42,32,HUANG Yi-Hua,TPE,820
2024/10/15,42,33,SHI Xunyao,CHN,810
2024/10/15,42,34,KIM Nayeong,KOR,775
2024/10/15,42,35,FAN Siqi,CHN,750
2024/10/15,42,36,Hana GODA,EGY,738
2024/10/15,42,37,Yangzi LIU,AUS,700
2024/10/15,42,38,DOO Hoi Kem,HKG,696
2024/10/15,42,39,Sakura MORI,JPN,674
2024/10/15,42,40,Britt EERLAND,NED,658
2024/10/15,42,41,HE Zhuojia,CHN,650
2024/10/15,42,42,Ying HAN,GER,650
2024/10/15,42,43,Orawan PARANANG,THA,640
2024/10/15,42,44,Natalia BAJOR,POL,634
2024/10/15,42,45,Xiaona SHAN,GER,624
2024/10/15,42,46,CHEN Yi,CHN,610
2024/10/15,42,47,Mo ZHANG,CAN,610
2024/10/15,42,48,LEE Eunhye,KOR,610
2024/10/15,42,49,Elizabeta SAMARA,ROU,600
2024/10/15,42,50,ZENG Jian,SGP,555
2024/10/22,43,1,SUN Yingsha,CHN,10800
2024/10/22,43,2,WANG Manyu,CHN,7300
2024/10/22,43,3,CHEN Meng,CHN,6170
2024/10/22,43,4,WANG Yidi,CHN,5830
2024/10/22,43,5,Hina HAYATA,JPN,3538
2024/10/22,43,6,CHEN Xingtong,CHN,2980
2024/10/22,43,7,Miwa HARIMOTO,JPN,2640
2024/10/22,43,8,Mima ITO,JPN,2355
2024/10/22,43,9,SHIN Yubin,KOR,2310
2024/10/22,43,10,CHENG I-Ching,TPE,2110
2024/10/22,43,11,Miu HIRANO,JPN,1593
2024/10/22,43,12,Sofia POLCANOVA,AUT,1539
2024/10/22,43,13,Adriana DIAZ,PUR,1415
2024/10/22,43,14,Bernadette SZOCS,ROU,1292
2024/10/22,43,15,Satsuki ODO,JPN,1283
2024/10/22,43,16,JEON Jihee,KOR,1270
2024/10/22,43,17,Jia Nan YUAN,FRA,1175
2024/10/22,43,18,Bruna TAKAHASHI,BRA,1167
2024/10/22,43,19,Prithika PAVADE,FRA,1142
2024/10/22,43,20,SUH Hyo Won,KOR,1140
2024/10/22,43,21,QIAN Tianyi,CHN,1139
2024/10/22,43,22,Nina MITTELHAM,GER,1127
2024/10/22,43,23,JOO Cheonhui,KOR,1090
2024/10/22,43,24,Xiaoxin YANG,MON,1050
2024/10/22,43,25,Sreeja AKULA,IND,1010
2024/10/22,43,26,Miyuu KIHARA,JPN,965
2024/10/22,43,27,Miyu NAGASAKI,JPN,940
2024/10/22,43,28,Dina MESHREF,EGY,930
2024/10/22,43,29,Lily ZHANG,USA,890
2024/10/22,43,30,Manika BATRA,IND,861
2024/10/22,43,31,Honoka HASHIMOTO,JPN,830
2024/10/22,43,32,SHI Xunyao,CHN,810
2024/10/22,43,33,HUANG Yi-Hua,TPE,790
2024/10/22,43,34,KIM Nayeong,KOR,775
2024/10/22,43,35,FAN Siqi,CHN,750
2024/10/22,43,36,Hana GODA,EGY,738
2024/10/22,43,37,Yangzi LIU,AUS,700
2024/10/22,43,38,DOO Hoi Kem,HKG,696
2024/10/22,43,39,Sakura MORI,JPN,674
2024/10/22,43,40,Britt EERLAND,NED,658
2024/10/22,43,41,HE Zhuojia,CHN,650
2024/10/22,43,42,Xiaona SHAN,GER,624
2024/10/22,43,43,Minhyung JEE,AUS,622
2024/10/22,43,44,CHEN Yi,CHN,610
2024/10/22,43,45,Mo ZHANG,CAN,610
2024/10/22,43,46,LEE Eunhye,KOR,610
2024/10/22,43,47,Orawan PARANANG,THA,600
2024/10/22,43,48,Sabine WINTER,GER,561
2024/10/22,43,49,Natalia BAJOR,POL,549
2024/10/22,43,50,Maria XIAO,ESP,541
2024/10/29,44,1,SUN Yingsha,CHN,10800
2024/10/29,44,2,WANG Manyu,CHN,7300
2024/10/29,44,3,WANG Yidi,CHN,5830
2024/10/29,44,4,CHEN Meng,CHN,5750
2024/10/29,44,5,Hina HAYATA,JPN,3538
2024/10/29,44,6,Miwa HARIMOTO,JPN,3165
2024/10/29,44,7,CHEN Xingtong,CHN,2980
2024/10/29,44,8,Mima ITO,JPN,2440
2024/10/29,44,9,CHENG I-Ching,TPE,2370
2024/10/29,44,10,SHIN Yubin,KOR,2310
2024/10/29,44,11,Satsuki ODO,JPN,2238
2024/10/29,44,12,Miu HIRANO,JPN,1593
2024/10/29,44,13,Sofia POLCANOVA,AUT,1539
2024/10/29,44,14,QIAN Tianyi,CHN,1485
2024/10/29,44,15,Adriana DIAZ,PUR,1415
2024/10/29,44,16,Bernadette SZOCS,ROU,1300
2024/10/29,44,17,JEON Jihee,KOR,1270
2024/10/29,44,18,Jia Nan YUAN,FRA,1230
2024/10/29,44,19,Bruna TAKAHASHI,BRA,1167
2024/10/29,44,20,Prithika PAVADE,FRA,1162
2024/10/29,44,21,SUH Hyo Won,KOR,1140
2024/10/29,44,22,Nina MITTELHAM,GER,1127
2024/10/29,44,23,JOO Cheonhui,KOR,1090
2024/10/29,44,24,Xiaoxin YANG,MON,1050
2024/10/29,44,25,Sreeja AKULA,IND,1010
2024/10/29,44,26,Manika BATRA,IND,1000
2024/10/29,44,27,Miyuu KIHARA,JPN,965
2024/10/29,44,28,Miyu NAGASAKI,JPN,940
2024/10/29,44,29,Dina MESHREF,EGY,930
2024/10/29,44,30,Hana GODA,EGY,893
2024/10/29,44,31,Lily ZHANG,USA,890
2024/10/29,44,32,Honoka HASHIMOTO,JPN,830
2024/10/29,44,33,SHI Xunyao,CHN,825
2024/10/29,44,34,HUANG Yi-Hua,TPE,790
2024/10/29,44,35,KIM Nayeong,KOR,775
2024/10/29,44,36,FAN Siqi,CHN,750
2024/10/29,44,37,DOO Hoi Kem,HKG,746
2024/10/29,44,38,Yangzi LIU,AUS,700
2024/10/29,44,39,Sakura MORI,JPN,674
2024/10/29,44,40,Britt EERLAND,NED,658
2024/10/29,44,41,HE Zhuojia,CHN,650
2024/10/29,44,42,Xiaona SHAN,GER,624
2024/10/29,44,43,Minhyung JEE,AUS,622
2024/10/29,44,44,CHEN Yi,CHN,610
2024/10/29,44,45,Mo ZHANG,CAN,610
2024/10/29,44,46,LEE Eunhye,KOR,610
2024/10/29,44,47,Orawan PARANANG,THA,600
2024/10/29,44,48,Sakura YOKOI,JPN,594
2024/10/29,44,49,Sabine WINTER,GER,561
2024/10/29,44,50,Natalia BAJOR,POL,549
2024/11/5,45,1,SUN Yingsha,CHN,10800
2024/11/5,45,2,WANG Manyu,CHN,6865
2024/11/5,45,3,CHEN Meng,CHN,5750
2024/11/5,45,4,WANG Yidi,CHN,5110
2024/11/5,45,5,Hina HAYATA,JPN,3363
2024/11/5,45,6,Miwa HARIMOTO,JPN,3165
2024/11/5,45,7,CHEN Xingtong,CHN,2980
2024/11/5,45,8,CHENG I-Ching,TPE,2370
2024/11/5,45,9,Mima ITO,JPN,2355
2024/11/5,45,10,Satsuki ODO,JPN,2328
2024/11/5,45,11,SHIN Yubin,KOR,2310
2024/11/5,45,12,QIAN Tianyi,CHN,1745
2024/11/5,45,13,Miu HIRANO,JPN,1593
2024/11/5,45,14,Sofia POLCANOVA,AUT,1539
2024/11/5,45,15,Adriana DIAZ,PUR,1415
2024/11/5,45,16,JEON Jihee,KOR,1270
2024/11/5,45,17,Bernadette SZOCS,ROU,1207
2024/11/5,45,18,Jia Nan YUAN,FRA,1175
2024/11/5,45,19,Bruna TAKAHASHI,BRA,1167
2024/11/5,45,20,Prithika PAVADE,FRA,1142
2024/11/5,45,21,SUH Hyo Won,KOR,1140
2024/11/5,45,22,Nina MITTELHAM,GER,1057
2024/11/5,45,23,Xiaoxin YANG,MON,1015
2024/11/5,45,24,Sreeja AKULA,IND,1010
2024/11/5,45,25,JOO Cheonhui,KOR,1005
2024/11/5,45,26,Miyuu KIHARA,JPN,965
2024/11/5,45,27,Manika BATRA,IND,946
2024/11/5,45,28,Miyu NAGASAKI,JPN,940
2024/11/5,45,29,Dina MESHREF,EGY,930
2024/11/5,45,30,Hana GODA,EGY,893
2024/11/5,45,31,Lily ZHANG,USA,890
2024/11/5,45,32,SHI Xunyao,CHN,840
2024/11/5,45,33,Honoka HASHIMOTO,JPN,830
2024/11/5,45,34,KIM Nayeong,KOR,810
2024/11/5,45,35,HUANG Yi-Hua,TPE,790
2024/11/5,45,36,KUAI Man,CHN,760
2024/11/5,45,37,FAN Siqi,CHN,750
2024/11/5,45,38,DOO Hoi Kem,HKG,746
2024/11/5,45,39,HE Zhuojia,CHN,720
2024/11/5,45,40,Sakura YOKOI,JPN,704
2024/11/5,45,41,Yangzi LIU,AUS,700
2024/11/5,45,42,Sakura MORI,JPN,674
2024/11/5,45,43,Britt EERLAND,NED,658
2024/11/5,45,44,LEE Eunhye,KOR,635
2024/11/5,45,45,Xiaona SHAN,GER,624
2024/11/5,45,46,CHEN Yi,CHN,614
2024/11/5,45,47,Mo ZHANG,CAN,610
2024/11/5,45,48,Minhyung JEE,AUS,607
2024/11/5,45,49,Orawan PARANANG,THA,595
2024/11/5,45,50,Natalia BAJOR,POL,549
2024/11/12,46,1,SUN Yingsha,CHN,10800
2024/11/12,46,2,WANG Manyu,CHN,7465
2024/11/12,46,3,WANG Yidi,CHN,5530
2024/11/12,46,4,CHEN Meng,CHN,5225
2024/11/12,46,5,Hina HAYATA,JPN,3363
2024/11/12,46,6,Miwa HARIMOTO,JPN,3305
2024/11/12,46,7,CHEN Xingtong,CHN,3200
2024/11/12,46,8,Satsuki ODO,JPN,2378
2024/11/12,46,9,CHENG I-Ching,TPE,2370
2024/11/12,46,10,Mima ITO,JPN,2355
2024/11/12,46,11,SHIN Yubin,KOR,2310
2024/11/12,46,12,QIAN Tianyi,CHN,1885
2024/11/12,46,13,Miu HIRANO,JPN,1593
2024/11/12,46,14,Sofia POLCANOVA,AUT,1539
2024/11/12,46,15,Adriana DIAZ,PUR,1415
2024/11/12,46,16,JEON Jihee,KOR,1270
2024/11/12,46,17,Bernadette SZOCS,ROU,1215
2024/11/12,46,18,Jia Nan YUAN,FRA,1175
2024/11/12,46,19,Bruna TAKAHASHI,BRA,1167
2024/11/12,46,20,Prithika PAVADE,FRA,1162
2024/11/12,46,21,SUH Hyo Won,KOR,1140
2024/11/12,46,22,Nina MITTELHAM,GER,1057
2024/11/12,46,23,Sreeja AKULA,IND,1010
2024/11/12,46,24,JOO Cheonhui,KOR,1005
2024/11/12,46,25,Manika BATRA,IND,946
2024/11/12,46,26,Miyu NAGASAKI,JPN,940
2024/11/12,46,27,Xiaoxin YANG,MON,930
2024/11/12,46,28,Dina MESHREF,EGY,930
2024/11/12,46,29,HE Zhuojia,CHN,895
2024/11/12,46,30,Hana GODA,EGY,893
2024/11/12,46,31,Lily ZHANG,USA,890
2024/11/12,46,32,Miyuu KIHARA,JPN,845
2024/11/12,46,33,SHI Xunyao,CHN,840
2024/11/12,46,34,Honoka HASHIMOTO,JPN,830
2024/11/12,46,35,KIM Nayeong,KOR,810
2024/11/12,46,36,HUANG Yi-Hua,TPE,790
2024/11/12,46,37,FAN Siqi,CHN,750
2024/11/12,46,38,DOO Hoi Kem,HKG,746
2024/11/12,46,39,Sakura YOKOI,JPN,704
2024/11/12,46,40,Yangzi LIU,AUS,700
2024/11/12,46,41,KUAI Man,CHN,694
2024/11/12,46,42,Sakura MORI,JPN,670
2024/11/12,46,43,Britt EERLAND,NED,658
2024/11/12,46,44,LEE Eunhye,KOR,635
2024/11/12,46,45,Xiaona SHAN,GER,624
2024/11/12,46,46,Mo ZHANG,CAN,610
2024/11/12,46,47,Minhyung JEE,AUS,607
2024/11/12,46,48,Orawan PARANANG,THA,595
2024/11/12,46,49,Natalia BAJOR,POL,549
2024/11/12,46,50,Elizabeta SAMARA,ROU,545
2024/11/19,47,1,SUN Yingsha,CHN,10800
2024/11/19,47,2,WANG Manyu,CHN,7465
2024/11/19,47,3,WANG Yidi,CHN,5530
2024/11/19,47,4,CHEN Meng,CHN,5225
2024/11/19,47,5,Hina HAYATA,JPN,3363
2024/11/19,47,6,Miwa HARIMOTO,JPN,3305
2024/11/19,47,7,CHEN Xingtong,CHN,3200
2024/11/19,47,8,Satsuki ODO,JPN,2378
2024/11/19,47,9,CHENG I-Ching,TPE,2370
2024/11/19,47,10,Mima ITO,JPN,2355
2024/11/19,47,11,SHIN Yubin,KOR,2310
2024/11/19,47,12,QIAN Tianyi,CHN,1885
2024/11/19,47,13,Miu HIRANO,JPN,1593
2024/11/19,47,14,Sofia POLCANOVA,AUT,1539
2024/11/19,47,15,Adriana DIAZ,PUR,1415
2024/11/19,47,16,JEON Jihee,KOR,1270
2024/11/19,47,17,Bernadette SZOCS,ROU,1215
2024/11/19,47,18,Jia Nan YUAN,FRA,1175
2024/11/19,47,19,Bruna TAKAHASHI,BRA,1167
2024/11/19,47,20,Prithika PAVADE,FRA,1162
2024/11/19,47,21,SUH Hyo Won,KOR,1140
2024/11/19,47,22,Nina MITTELHAM,GER,1057
2024/11/19,47,23,Sreeja AKULA,IND,1010
2024/11/19,47,24,JOO Cheonhui,KOR,1005
2024/11/19,47,25,Manika BATRA,IND,946
2024/11/19,47,26,Miyu NAGASAKI,JPN,940
2024/11/19,47,27,Xiaoxin YANG,MON,930
2024/11/19,47,28,Dina MESHREF,EGY,930
2024/11/19,47,29,HE Zhuojia,CHN,895
2024/11/19,47,30,Hana GODA,EGY,893
2024/11/19,47,31,Lily ZHANG,USA,890
2024/11/19,47,32,Miyuu KIHARA,JPN,845
2024/11/19,47,33,SHI Xunyao,CHN,840
2024/11/19,47,34,Honoka HASHIMOTO,JPN,830
2024/11/19,47,35,KIM Nayeong,KOR,810
2024/11/19,47,36,HUANG Yi-Hua,TPE,790
2024/11/19,47,37,FAN Siqi,CHN,750
2024/11/19,47,38,DOO Hoi Kem,HKG,746
2024/11/19,47,39,Sakura YOKOI,JPN,704
2024/11/19,47,40,Yangzi LIU,AUS,700
2024/11/19,47,41,KUAI Man,CHN,694
2024/11/19,47,42,Sakura MORI,JPN,670
2024/11/19,47,43,Britt EERLAND,NED,658
2024/11/19,47,44,LEE Eunhye,KOR,635
2024/11/19,47,45,Xiaona SHAN,GER,624
2024/11/19,47,46,Mo ZHANG,CAN,610
2024/11/19,47,47,Minhyung JEE,AUS,607
2024/11/19,47,48,Orawan PARANANG,THA,595
2024/11/19,47,49,Natalia BAJOR,POL,549
2024/11/19,47,50,Elizabeta SAMARA,ROU,545
2024/11/26,48,1,SUN Yingsha,CHN,10800
2024/11/26,48,2,WANG Manyu,CHN,8700
2024/11/26,48,3,WANG Yidi,CHN,5775
2024/11/26,48,4,CHEN Meng,CHN,4700
2024/11/26,48,5,CHEN Xingtong,CHN,4075
2024/11/26,48,6,Hina HAYATA,JPN,3363
2024/11/26,48,7,Miwa HARIMOTO,JPN,3305
2024/11/26,48,8,Satsuki ODO,JPN,2518
2024/11/26,48,9,CHENG I-Ching,TPE,2370
2024/11/26,48,10,Mima ITO,JPN,2365
2024/11/26,48,11,SHIN Yubin,KOR,2310
2024/11/26,48,12,QIAN Tianyi,CHN,2080
2024/11/26,48,13,Miu HIRANO,JPN,1753
2024/11/26,48,14,Bernadette SZOCS,ROU,1650
2024/11/26,48,15,Sofia POLCANOVA,AUT,1610
2024/11/26,48,16,Adriana DIAZ,PUR,1425
2024/11/26,48,17,JEON Jihee,KOR,1280
2024/11/26,48,18,Jia Nan YUAN,FRA,1175
2024/11/26,48,19,Bruna TAKAHASHI,BRA,1167
2024/11/26,48,20,Prithika PAVADE,FRA,1162
2024/11/26,48,21,SUH Hyo Won,KOR,1140
2024/11/26,48,22,Nina MITTELHAM,GER,1057
2024/11/26,48,23,Sreeja AKULA,IND,1010
2024/11/26,48,24,JOO Cheonhui,KOR,1005
2024/11/26,48,25,Manika BATRA,IND,946
2024/11/26,48,26,Miyu NAGASAKI,JPN,940
2024/11/26,48,27,Dina MESHREF,EGY,930
2024/11/26,48,28,Xiaoxin YANG,MON,930
2024/11/26,48,29,Hana GODA,EGY,893
2024/11/26,48,30,Lily ZHANG,USA,890
2024/11/26,48,31,HE Zhuojia,CHN,880
2024/11/26,48,32,Miyuu KIHARA,JPN,845
2024/11/26,48,33,Honoka HASHIMOTO,JPN,830
2024/11/26,48,34,KIM Nayeong,KOR,810
2024/11/26,48,35,HUANG Yi-Hua,TPE,790
2024/11/26,48,36,FAN Siqi,CHN,750
2024/11/26,48,37,DOO Hoi Kem,HKG,746
2024/11/26,48,38,SHI Xunyao,CHN,715
2024/11/26,48,39,KUAI Man,CHN,705
2024/11/26,48,40,Sakura YOKOI,JPN,704
2024/11/26,48,41,Yangzi LIU,AUS,700
2024/11/26,48,42,Sakura MORI,JPN,670
2024/11/26,48,43,CHEN Yi,CHN,669
2024/11/26,48,44,Britt EERLAND,NED,658
2024/11/26,48,45,LEE Eunhye,KOR,635
2024/11/26,48,46,Xiaona SHAN,GER,624
2024/11/26,48,47,Mo ZHANG,CAN,610
2024/11/26,48,48,Minhyung JEE,AUS,607
2024/11/26,48,49,Orawan PARANANG,THA,595
2024/11/26,48,50,Natalia BAJOR,POL,549
2024/12/3,49,1,SUN Yingsha,CHN,10800
2024/12/3,49,2,WANG Manyu,CHN,8700
2024/12/3,49,3,WANG Yidi,CHN,5775
2024/12/3,49,4,CHEN Meng,CHN,4700
2024/12/3,49,5,CHEN Xingtong,CHN,4075
2024/12/3,49,6,Hina HAYATA,JPN,3363
2024/12/3,49,7,Miwa HARIMOTO,JPN,3305
2024/12/3,49,8,Satsuki ODO,JPN,2518
2024/12/3,49,9,CHENG I-Ching,TPE,2370
2024/12/3,49,10,Mima ITO,JPN,2365
2024/12/3,49,11,SHIN Yubin,KOR,2310
2024/12/3,49,12,QIAN Tianyi,CHN,2080
2024/12/3,49,13,Miu HIRANO,JPN,1753
2024/12/3,49,14,Bernadette SZOCS,ROU,1650
2024/12/3,49,15,Sofia POLCANOVA,AUT,1610
2024/12/3,49,16,Adriana DIAZ,PUR,1425
2024/12/3,49,17,JEON Jihee,KOR,1280
2024/12/3,49,18,Jia Nan YUAN,FRA,1175
2024/12/3,49,19,Bruna TAKAHASHI,BRA,1167
2024/12/3,49,20,Prithika PAVADE,FRA,1162
2024/12/3,49,21,SUH Hyo Won,KOR,1140
2024/12/3,49,22,Nina MITTELHAM,GER,1057
2024/12/3,49,23,Sreeja AKULA,IND,1010
2024/12/3,49,24,JOO Cheonhui,KOR,1005
2024/12/3,49,25,Manika BATRA,IND,946
2024/12/3,49,26,Miyu NAGASAKI,JPN,940
2024/12/3,49,27,Dina MESHREF,EGY,935
2024/12/3,49,28,Xiaoxin YANG,MON,930
2024/12/3,49,29,Hana GODA,EGY,903
2024/12/3,49,30,Lily ZHANG,USA,890
2024/12/3,49,31,Miyuu KIHARA,JPN,845
2024/12/3,49,32,Honoka HASHIMOTO,JPN,830
2024/12/3,49,33,KIM Nayeong,KOR,810
2024/12/3,49,34,HUANG Yi-Hua,TPE,790
2024/12/3,49,35,HE Zhuojia,CHN,755
2024/12/3,49,36,FAN Siqi,CHN,750
2024/12/3,49,37,DOO Hoi Kem,HKG,746
2024/12/3,49,38,Sakura YOKOI,JPN,704
2024/12/3,49,39,Yangzi LIU,AUS,700
2024/12/3,49,40,CHEN Yi,CHN,694
2024/12/3,49,41,Sakura MORI,JPN,670
2024/12/3,49,42,SHI Xunyao,CHN,670
2024/12/3,49,43,Britt EERLAND,NED,648
2024/12/3,49,44,LEE Eunhye,KOR,635
2024/12/3,49,45,KUAI Man,CHN,634
2024/12/3,49,46,Mo ZHANG,CAN,610
2024/12/3,49,47,Minhyung JEE,AUS,607
2024/12/3,49,48,Orawan PARANANG,THA,595
2024/12/3,49,49,Maria XIAO,ESP,565
2024/12/3,49,50,Xiaona SHAN,GER,549
2024/12/10,50,1,SUN Yingsha,CHN,10800
2024/12/10,50,2,WANG Manyu,CHN,8700
2024/12/10,50,3,WANG Yidi,CHN,5775
2024/12/10,50,4,CHEN Meng,CHN,4700
2024/12/10,50,5,CHEN Xingtong,CHN,4075
2024/12/10,50,6,Hina HAYATA,JPN,3363
2024/12/10,50,7,Miwa HARIMOTO,JPN,3305
2024/12/10,50,8,Satsuki ODO,JPN,2518
2024/12/10,50,9,CHENG I-Ching,TPE,2370
2024/12/10,50,10,Mima ITO,JPN,2365
2024/12/10,50,11,SHIN Yubin,KOR,2310
2024/12/10,50,12,QIAN Tianyi,CHN,2080
2024/12/10,50,13,Miu HIRANO,JPN,1753
2024/12/10,50,14,Bernadette SZOCS,ROU,1650
2024/12/10,50,15,Sofia POLCANOVA,AUT,1610
2024/12/10,50,16,Adriana DIAZ,PUR,1425
2024/12/10,50,17,JEON Jihee,KOR,1280
2024/12/10,50,18,Jia Nan YUAN,FRA,1175
2024/12/10,50,19,Bruna TAKAHASHI,BRA,1167
2024/12/10,50,20,Prithika PAVADE,FRA,1162
2024/12/10,50,21,SUH Hyo Won,KOR,1150
2024/12/10,50,22,Nina MITTELHAM,GER,1057
2024/12/10,50,23,Sreeja AKULA,IND,1010
2024/12/10,50,24,JOO Cheonhui,KOR,1005
2024/12/10,50,25,Manika BATRA,IND,946
2024/12/10,50,26,Miyu NAGASAKI,JPN,940
2024/12/10,50,27,Dina MESHREF,EGY,935
2024/12/10,50,28,Xiaoxin YANG,MON,930
2024/12/10,50,29,Hana GODA,EGY,903
2024/12/10,50,30,Lily ZHANG,USA,890
2024/12/10,50,31,Miyuu KIHARA,JPN,845
2024/12/10,50,32,Honoka HASHIMOTO,JPN,830
2024/12/10,50,33,KIM Nayeong,KOR,810
2024/12/10,50,34,HUANG Yi-Hua,TPE,790
2024/12/10,50,35,DOO Hoi Kem,HKG,771
2024/12/10,50,36,HE Zhuojia,CHN,755
2024/12/10,50,37,FAN Siqi,CHN,750
2024/12/10,50,38,Sakura YOKOI,JPN,704
2024/12/10,50,39,Yangzi LIU,AUS,700
2024/12/10,50,40,CHEN Yi,CHN,694
2024/12/10,50,41,Sakura MORI,JPN,676
2024/12/10,50,42,SHI Xunyao,CHN,670
2024/12/10,50,43,Britt EERLAND,NED,648
2024/12/10,50,44,LEE Eunhye,KOR,635
2024/12/10,50,45,KUAI Man,CHN,634
2024/12/10,50,46,Mo ZHANG,CAN,610
2024/12/10,50,47,Minhyung JEE,AUS,607
2024/12/10,50,48,Orawan PARANANG,THA,595
2024/12/10,50,49,Maria XIAO,ESP,565
2024/12/10,50,50,Elizabeta SAMARA,ROU,550
2024/12/17,51,1,SUN Yingsha,CHN,9900
2024/12/17,51,2,WANG Manyu,CHN,8700
2024/12/17,51,3,WANG Yidi,CHN,5005
2024/12/17,51,4,CHEN Meng,CHN,4700
2024/12/17,51,5,CHEN Xingtong,CHN,3725
2024/12/17,51,6,Hina HAYATA,JPN,3363
2024/12/17,51,7,Miwa HARIMOTO,JPN,3305
2024/12/17,51,8,Satsuki ODO,JPN,2518
2024/12/17,51,9,CHENG I-Ching,TPE,2370
2024/12/17,51,10,SHIN Yubin,KOR,2310
2024/12/17,51,11,Mima ITO,JPN,2190
2024/12/17,51,12,QIAN Tianyi,CHN,2050
2024/12/17,51,13,Miu HIRANO,JPN,1753
2024/12/17,51,14,Bernadette SZOCS,ROU,1640
2024/12/17,51,15,Sofia POLCANOVA,AUT,1610
2024/12/17,51,16,Adriana DIAZ,PUR,1415
2024/12/17,51,17,JEON Jihee,KOR,1280
2024/12/17,51,18,Jia Nan YUAN,FRA,1175
2024/12/17,51,19,Bruna TAKAHASHI,BRA,1167
2024/12/17,51,20,Prithika PAVADE,FRA,1162
2024/12/17,51,21,SUH Hyo Won,KOR,1150
2024/12/17,51,22,Nina MITTELHAM,GER,1057
2024/12/17,51,23,Sreeja AKULA,IND,1010
2024/12/17,51,24,JOO Cheonhui,KOR,995
2024/12/17,51,25,Manika BATRA,IND,946
2024/12/17,51,26,Miyu NAGASAKI,JPN,940
2024/12/17,51,27,Dina MESHREF,EGY,935
2024/12/17,51,28,Hana GODA,EGY,903
2024/12/17,51,29,Xiaoxin YANG,MON,875
2024/12/17,51,30,Miyuu KIHARA,JPN,845
2024/12/17,51,31,Lily ZHANG,USA,835
2024/12/17,51,32,Honoka HASHIMOTO,JPN,830
2024/12/17,51,33,KIM Nayeong,KOR,810
2024/12/17,51,34,HUANG Yi-Hua,TPE,790
2024/12/17,51,35,DOO Hoi Kem,HKG,771
2024/12/17,51,36,HE Zhuojia,CHN,755
2024/12/17,51,37,FAN Siqi,CHN,750
2024/12/17,51,38,Sakura YOKOI,JPN,704
2024/12/17,51,39,Yangzi LIU,AUS,700
2024/12/17,51,40,CHEN Yi,CHN,694
2024/12/17,51,41,SHI Xunyao,CHN,670
2024/12/17,51,42,Sakura MORI,JPN,651
2024/12/17,51,43,Britt EERLAND,NED,648
2024/12/17,51,44,LEE Eunhye,KOR,635
2024/12/17,51,45,KUAI Man,CHN,634
2024/12/17,51,46,Mo ZHANG,CAN,610
2024/12/17,51,47,Minhyung JEE,AUS,607
2024/12/17,51,48,Orawan PARANANG,THA,595
2024/12/17,51,49,Elizabeta SAMARA,ROU,550
2024/12/17,51,50,Natalia BAJOR,POL,539
2024/12/24,52,1,SUN Yingsha,CHN,9900
2024/12/24,52,2,WANG Manyu,CHN,8700
2024/12/24,52,3,WANG Yidi,CHN,5005
2024/12/24,52,4,CHEN Meng,CHN,4700
2024/12/24,52,5,CHEN Xingtong,CHN,3725
2024/12/24,52,6,Hina HAYATA,JPN,3363
2024/12/24,52,7,Miwa HARIMOTO,JPN,3305
2024/12/24,52,8,Satsuki ODO,JPN,2518
2024/12/24,52,9,CHENG I-Ching,TPE,2370
2024/12/24,52,10,SHIN Yubin,KOR,2310
2024/12/24,52,11,Mima ITO,JPN,2190
2024/12/24,52,12,QIAN Tianyi,CHN,2050
2024/12/24,52,13,Miu HIRANO,JPN,1753
2024/12/24,52,14,Bernadette SZOCS,ROU,1640
2024/12/24,52,15,Sofia POLCANOVA,AUT,1610
2024/12/24,52,16,Adriana DIAZ,PUR,1415
2024/12/24,52,17,JEON Jihee,KOR,1280
2024/12/24,52,18,Jia Nan YUAN,FRA,1175
2024/12/24,52,19,Bruna TAKAHASHI,BRA,1167
2024/12/24,52,20,Prithika PAVADE,FRA,1162
2024/12/24,52,21,SUH Hyo Won,KOR,1150
2024/12/24,52,22,Nina MITTELHAM,GER,1057
2024/12/24,52,23,Sreeja AKULA,IND,1010
2024/12/24,52,24,JOO Cheonhui,KOR,995
2024/12/24,52,25,Manika BATRA,IND,946
2024/12/24,52,26,Miyu NAGASAKI,JPN,940
2024/12/24,52,27,Dina MESHREF,EGY,935
2024/12/24,52,28,Hana GODA,EGY,903
2024/12/24,52,29,Xiaoxin YANG,MON,875
2024/12/24,52,30,Miyuu KIHARA,JPN,845
2024/12/24,52,31,Lily ZHANG,USA,835
2024/12/24,52,32,Honoka HASHIMOTO,JPN,830
2024/12/24,52,33,KIM Nayeong,KOR,810
2024/12/24,52,34,HUANG Yi-Hua,TPE,790
2024/12/24,52,35,DOO Hoi Kem,HKG,771
2024/12/24,52,36,HE Zhuojia,CHN,755
2024/12/24,52,37,FAN Siqi,CHN,750
2024/12/24,52,38,Sakura YOKOI,JPN,704
2024/12/24,52,39,Yangzi LIU,AUS,700
2024/12/24,52,40,CHEN Yi,CHN,694
2024/12/24,52,41,SHI Xunyao,CHN,670
2024/12/24,52,42,Sakura MORI,JPN,651
2024/12/24,52,43,Britt EERLAND,NED,648
2024/12/24,52,44,LEE Eunhye,KOR,635
2024/12/24,52,45,KUAI Man,CHN,634
2024/12/24,52,46,Mo ZHANG,CAN,610
2024/12/24,52,47,Minhyung JEE,AUS,607
2024/12/24,52,48,Orawan PARANANG,THA,595
2024/12/24,52,49,Elizabeta SAMARA,ROU,550
2024/12/24,52,50,Natalia BAJOR,POL,539